Country name,2005,2006,2007,2008,2009,2010,2011,2012,2013,2014,2015,2016,2017,2018,2019,2020,2021,2022
Afghanistan,,,,3.7235898971557617,4.401778221130371,4.758380889892578,3.831719160079956,3.782937526702881,3.5721004009246826,3.1308956146240234,3.9828546047210693,4.220168590545654,2.6617181301116943,2.694303274154663,2.375091791152954,,2.4360344409942627,1.2812711000442505
Albania,,,4.634251594543457,,5.485469818115234,5.268936634063721,5.867421627044678,5.510124206542969,4.550647735595703,4.81376314163208,4.6066508293151855,4.511100769042969,4.639548301696777,5.0044026374816895,4.9953179359436035,5.364909648895264,5.255481719970703,5.212213039398193
Algeria,,,,,,5.463566780090332,5.31719446182251,5.60459566116333,,6.354898452758789,,5.340853691101074,5.248912334442139,5.043086051940918,4.744627475738525,5.437755107879639,5.217017650604248,
Angola,,,,,,,5.589000701904297,4.360249996185303,3.9371068477630615,3.7948379516601562,,,,,,,,
Argentina,,6.312925338745117,6.073158264160156,5.961034297943115,6.42413330078125,6.441067218780518,6.775805473327637,6.468387126922607,6.5822601318359375,6.671114444732666,6.6971306800842285,6.427221298217773,6.039330005645752,5.792796611785889,6.0855607986450195,5.900567054748535,5.908278942108154,6.260993480682373
Armenia,,4.289310932159424,4.8815155029296875,4.65197229385376,4.177581787109375,4.36781120300293,4.260491371154785,4.319711685180664,4.277191162109375,4.453083038330078,4.3483195304870605,4.325471878051758,4.287736415863037,5.062448501586914,5.488086700439453,,5.300568580627441,5.3819427490234375
Australia,7.340688228607178,,7.285390853881836,7.253757476806641,,7.450047016143799,7.405616283416748,7.19558572769165,7.364169120788574,7.28855037689209,7.309060573577881,7.250080108642578,7.25703763961792,7.176993370056152,7.233994960784912,7.1373677253723145,7.111598968505859,7.034696102142334
Austria,,7.122211456298828,,7.1809539794921875,,7.30267858505249,7.470512866973877,7.400688648223877,7.498802661895752,6.949999809265137,7.076447010040283,7.04807186126709,7.293727874755859,7.396001815795898,7.195361137390137,7.213489055633545,7.079640865325928,6.998997211456299
Azerbaijan,,4.727870941162109,4.568159580230713,4.8171892166137695,4.57372522354126,4.218610763549805,4.680469512939453,4.91077184677124,5.481178283691406,5.251530170440674,5.146774768829346,5.303894996643066,5.152279376983643,5.167995452880859,5.173389434814453,,,
Bahrain,,,,,5.700523376464844,5.936869144439697,4.823976039886475,5.027186870574951,6.689711093902588,6.165133953094482,6.007375240325928,6.169673442840576,6.227320671081543,,7.098012447357178,6.173175811767578,,
Bangladesh,,4.318909168243408,4.6073222160339355,5.052278518676758,5.082851409912109,4.858481407165527,4.985649108886719,4.7244439125061035,4.660161018371582,4.635564804077148,4.633473873138428,4.556140899658203,4.3097710609436035,4.4992170333862305,5.1142168045043945,5.27998685836792,4.123318672180176,3.407532215118408
Belarus,,5.657649993896484,5.616976261138916,5.463332176208496,5.564131259918213,5.525923252105713,5.225307941436768,5.7490434646606445,5.876466274261475,5.812400817871094,5.718907833099365,5.177899360656738,5.552915096282959,5.23376989364624,5.821453094482422,,,
Belgium,7.2622904777526855,,7.218839645385742,7.116590976715088,,6.853514194488525,7.111363887786865,6.935122013092041,7.103661060333252,6.8553290367126465,6.904219150543213,6.948936462402344,6.928347587585449,6.892171859741211,6.7721381187438965,6.838760852813721,6.88175630569458,6.856874465942383
Belize,,,6.450644493103027,,,,,,,5.955646514892578,,,,,,,,
Benin,,3.329801559448242,,3.6671395301818848,,,3.870279550552368,3.1934688091278076,3.479412794113159,3.347419261932373,3.624664306640625,4.007357597351074,4.853180885314941,5.819827079772949,4.97636079788208,4.407745838165283,4.493431091308594,4.217325687408447
Bhutan,,,,,,,,,5.569091796875,4.938578128814697,5.082128524780273,,,,,,,
Bolivia,,5.37398624420166,5.628419399261475,5.297872543334961,6.0855793952941895,5.780620098114014,5.778874397277832,6.018894672393799,5.767428874969482,5.864798545837402,5.834329128265381,5.769723415374756,5.650552749633789,5.91573429107666,5.6742706298828125,5.559258937835693,5.568624019622803,5.928882122039795
Bosnia and Herzegovina,,,4.899806976318359,,4.96347713470459,4.668517589569092,4.994670867919922,4.773144721984863,5.123664379119873,5.2489542961120605,5.117177963256836,5.180865287780762,5.089902400970459,5.887401103973389,6.015522480010986,5.5158162117004395,5.748823165893555,
Botswana,,4.7393670082092285,,5.451147079467773,,3.5530202388763428,3.519921064376831,4.835938930511475,4.128298759460449,4.0311970710754395,3.761964797973633,3.498936653137207,3.5048811435699463,3.4613656997680664,3.4710848331451416,,,3.435275077819824
Brazil,6.636771202087402,,6.320672988891602,6.69142484664917,7.000831604003906,6.837331295013428,7.037816524505615,6.660003662109375,7.14028263092041,6.980998992919922,6.546896934509277,6.374817371368408,6.3329291343688965,6.190921783447266,6.451148986816406,6.109717845916748,6.009953498840332,6.257079601287842
Bulgaria,,,3.8437979221343994,,,3.912276268005371,3.875382423400879,4.222297191619873,3.993020534515381,4.438439846038818,4.865401268005371,4.837560653686523,5.096901893615723,5.098813533782959,5.108438014984131,5.597723007202148,5.421693325042725,5.3783488273620605
Burkina Faso,,3.8014907836914062,4.017130374908447,3.8464388847351074,,4.035560607910156,4.785367488861084,3.955008029937744,3.3259496688842773,3.4813477993011475,4.4189300537109375,4.205634593963623,4.646891117095947,4.927236080169678,4.7408928871154785,4.639639854431152,4.6355085372924805,
Burundi,,,,3.563227653503418,3.7916808128356934,,3.7058942317962646,,,2.9045350551605225,,,,3.775283098220825,,,,
Cambodia,,3.568744659423828,4.155971050262451,4.462163925170898,4.110625743865967,4.1410722732543945,4.161225318908691,3.8987069129943848,3.674466848373413,3.883305549621582,4.162164688110352,4.461259365081787,4.585842132568359,5.121837615966797,4.998284816741943,4.3769850730896,4.555141448974609,4.250280857086182
Cameroon,,3.851072072982788,4.349939346313477,4.291800498962402,4.741408348083496,4.554256916046143,4.433885097503662,4.24463415145874,4.271038055419922,4.24044132232666,5.037964820861816,4.816232204437256,5.074051380157471,5.25073766708374,4.936737537384033,5.241077899932861,4.962747573852539,4.712408065795898
Canada,7.41804838180542,,7.481752872467041,7.4856038093566895,7.487824440002441,7.650346279144287,7.426053524017334,7.415144443511963,7.593793869018555,7.304257869720459,7.4127726554870605,7.244845867156982,7.414868354797363,7.175496578216553,7.109076499938965,7.024904727935791,6.9394354820251465,6.917935371398926
Central African Republic,,,4.160129547119141,,,3.567892551422119,3.677826404571533,,,,,2.693061113357544,3.4758620262145996,,,,,
Chad,,3.434800624847412,4.141326904296875,4.632468223571777,3.6394450664520264,3.742871046066284,4.393482208251953,4.032974720001221,3.5076630115509033,3.4601829051971436,4.3226752281188965,4.029350280761719,4.558937072753906,4.486325263977051,4.250799179077148,,,4.396646022796631
Chile,,6.062851905822754,5.697929859161377,5.789438724517822,6.493686199188232,6.635655879974365,6.526334762573242,6.599128723144531,6.740153789520264,6.84423828125,6.532749652862549,6.579056262969971,6.320119380950928,6.436220645904541,5.9422502517700195,6.1506428718566895,6.435630798339844,6.415198802947998
China,,4.560495376586914,4.8628621101379395,4.84629487991333,4.4543609619140625,4.652736663818359,5.03720760345459,5.094917297363281,5.241090297698975,5.195619106292725,5.303877830505371,5.324955940246582,5.099061489105225,5.131433963775635,5.144120216369629,5.771064758300781,5.8628644943237305,
Colombia,,6.024942874908447,6.138411521911621,6.168395042419434,6.271604537963867,6.408113479614258,6.463952541351318,6.374879837036133,6.606550693511963,6.448789119720459,6.387571811676025,6.233715057373047,6.157341957092285,5.9835124015808105,6.350297927856445,5.709175109863281,5.289958477020264,5.891712188720703
Comoros,,,,,3.476027250289917,3.8121910095214844,3.8384859561920166,3.9556403160095215,,,,,,3.9728195667266846,4.608616352081299,,,3.545203685760498
Congo (Brazzaville),,,,3.8197922706604004,,,4.509824275970459,3.919341802597046,3.9549505710601807,4.0560126304626465,4.690830230712891,4.11949348449707,4.883991241455078,5.4902143478393555,5.21262264251709,5.079139232635498,4.920531272888184,5.8049187660217285
Congo (Kinshasa),,,,,3.9838485717773438,,4.516963958740234,4.639227390289307,4.497477054595947,4.414299964904785,3.9027416706085205,4.52193546295166,4.311033248901367,,,,,3.2071967124938965
Costa Rica,,7.082465171813965,7.432132244110107,6.850679874420166,7.614928722381592,7.271053791046143,7.228888511657715,7.272250175476074,7.158000469207764,7.247086048126221,6.854004383087158,7.135617733001709,7.225181579589844,7.1410746574401855,6.997618675231934,6.338472366333008,6.408448219299316,7.076658248901367
Croatia,,,5.8209075927734375,,5.433319568634033,5.595575332641602,5.385372638702393,6.027634620666504,5.885462760925293,5.380692481994629,5.205438137054443,5.41687536239624,5.343165874481201,5.536271095275879,5.625743865966797,6.507992267608643,6.286790370941162,5.578691482543945
Cuba,,5.417868614196777,,,,,,,,,,,,,,,,
Cyprus,,6.2379584312438965,,,6.83347749710083,6.3865461349487305,6.689608573913574,6.180507183074951,5.438952445983887,5.627123832702637,5.43916130065918,5.794618606567383,6.062051296234131,6.276443004608154,6.1368327140808105,6.259810447692871,6.26920223236084,5.8647565841674805
Czechia,6.43925666809082,,6.500194072723389,,,6.249617576599121,6.331490993499756,6.334149360656738,6.69765567779541,6.483729839324951,6.608017444610596,6.735627174377441,6.789567947387695,7.034165382385254,,6.897091388702393,6.9424967765808105,6.695077419281006
Denmark,8.01893424987793,,7.834233283996582,7.970891952514648,7.683358669281006,7.770515441894531,7.78823184967041,7.519909381866455,7.588606834411621,7.507559299468994,7.514424800872803,7.5577826499938965,7.59370231628418,7.648785591125488,7.693003177642822,7.514631271362305,7.698747158050537,7.544964790344238
Djibouti,,,,5.0093302726745605,4.905925273895264,5.005810737609863,4.3691935539245605,,,,,,,,,,,
Dominican Republic,,5.087967872619629,5.081305980682373,4.842305660247803,5.431613922119141,4.735021114349365,5.396535396575928,4.7533111572265625,5.015515327453613,5.387331962585449,5.061862468719482,5.238698482513428,5.605202674865723,5.433215618133545,6.004237174987793,5.168409824371338,6.030537128448486,5.518415927886963
Ecuador,,5.024191379547119,4.995875358581543,5.296513080596924,6.021803379058838,5.8380513191223145,5.795088291168213,5.960716247558594,6.0192060470581055,5.945851802825928,5.964075088500977,6.1154375076293945,5.8395185470581055,6.128010272979736,5.809131145477295,5.354461669921875,5.434872150421143,5.887132167816162
Egypt,5.167754173278809,,5.540510654449463,4.631741046905518,5.066164493560791,4.66891622543335,4.174158573150635,4.204156875610352,3.5585203170776367,4.885072708129883,4.762538433074951,4.556740760803223,3.9293441772460938,4.00545072555542,4.327831745147705,4.4723968505859375,4.025747776031494,4.023561000823975
El Salvador,,5.700929641723633,5.295535087585449,5.191493988037109,6.839087009429932,6.739911079406738,4.741294860839844,5.934371471405029,6.325063228607178,5.856523513793945,6.018496036529541,6.139824867248535,6.33931827545166,6.241199493408203,6.45482063293457,5.4619269371032715,6.4314470291137695,6.492156028747559
Estonia,,5.371054649353027,5.3320441246032715,5.451937675476074,5.1377387046813965,,5.486819744110107,5.363927841186523,5.367445945739746,5.55598258972168,5.628908634185791,5.649675369262695,5.938395977020264,6.091302394866943,6.034641265869141,6.452563762664795,6.553915500640869,6.357114315032959
Eswatini,,,,,,,4.867091178894043,,,,,,,4.211565017700195,4.396114826202393,,,
Ethiopia,,,,,,,,4.561168670654297,4.444827079772949,4.506646633148193,4.573154926300049,4.297848701477051,4.1803154945373535,4.379262447357178,4.099555015563965,4.549219608306885,,3.6280715465545654
Finland,,7.672449111938477,,7.670626640319824,,7.393264293670654,7.354225158691406,7.4202094078063965,7.44463586807251,7.384571075439453,7.447925567626953,7.659843444824219,7.788251876831055,7.858107089996338,7.78034782409668,7.889349937438965,7.79437780380249,7.728998184204102
France,7.093392848968506,6.582700252532959,,7.0080647468566895,6.283498287200928,6.797901153564453,6.9591851234436035,6.649365425109863,6.667121410369873,6.466867923736572,6.3576250076293945,6.475208759307861,6.635222434997559,6.665903568267822,6.6896443367004395,6.714111804962158,6.6562066078186035,6.61380672454834
Gabon,,,,,,,4.255400657653809,3.9720592498779297,3.8002870082855225,3.9180731773376465,4.661012649536133,4.831764221191406,4.782382965087891,4.783009052276611,4.914393424987793,4.886549949645996,5.075422286987305,5.139500617980957
Gambia,,,,,,,,,,,,,4.117938995361328,4.9220991134643555,5.1636271476745605,,,4.2794413566589355
Georgia,,3.6751084327697754,3.7071945667266846,4.156090259552002,3.8006391525268555,4.101837158203125,4.203030586242676,4.254445552825928,4.348920822143555,4.287508010864258,4.121940612792969,4.448386192321777,4.450774669647217,4.659097194671631,4.891835689544678,5.123143196105957,4.91127347946167,5.292755126953125
Germany,6.619549751281738,,6.4168195724487305,6.521790027618408,6.641493320465088,6.724531173706055,6.621312141418457,6.702362060546875,6.96512508392334,6.9842143058776855,7.037137508392334,6.873763084411621,7.074324607849121,7.118364334106445,7.035472393035889,7.3118977546691895,6.754523754119873,6.608206748962402
Ghana,,4.535019874572754,5.220148086547852,4.965134620666504,4.197695732116699,4.6062517166137695,5.608199596405029,5.057261943817139,4.965053081512451,3.860351085662842,3.9859161376953125,4.514411449432373,5.481310844421387,5.003693103790283,4.9668097496032715,5.319483280181885,4.377950668334961,4.190854549407959
Greece,6.006309986114502,,6.646961212158203,,6.038574695587158,5.8395586013793945,5.372039794921875,5.096354007720947,4.720251083374023,4.756237030029297,5.622519016265869,5.302619457244873,5.1482415199279785,5.409289360046387,5.952157497406006,5.787615776062012,6.104214191436768,5.900459289550781
Guatemala,,5.901429176330566,6.329581260681152,6.414494514465332,6.451916217803955,6.289748668670654,5.743353843688965,5.855717182159424,5.9846014976501465,6.5360307693481445,6.464986801147461,6.358916282653809,6.325118541717529,6.626591682434082,6.2621750831604,,,6.150331497192383
Guinea,,,,,,,4.044569492340088,3.651554822921753,3.9017930030822754,3.412482500076294,3.5046935081481934,3.6028547286987305,4.873722553253174,5.252226829528809,4.767684459686279,4.972168445587158,4.944539546966553,5.317492961883545
Guyana,,,5.992826461791992,,,,,,,,,,,,,,,
Haiti,,3.7541561126708984,,3.8463292121887207,,3.7659988403320312,4.844573974609375,4.413475036621094,4.621962070465088,3.8887784481048584,3.5697624683380127,3.3523001670837402,3.8238656520843506,3.6149280071258545,,,,
Honduras,,5.396519660949707,5.097154140472412,5.420331001281738,6.033189296722412,5.86613130569458,4.961031436920166,4.602218151092529,4.713358402252197,5.055726051330566,4.8454365730285645,5.6481547355651855,6.019985675811768,5.908423900604248,5.930051326751709,,6.113636016845703,5.9318037033081055
Hong Kong S.A.R. of China,,5.5111870765686035,,5.137261867523193,5.397055625915527,5.642834663391113,5.474010944366455,5.4837646484375,,5.458050727844238,,5.498420715332031,5.3624749183654785,,5.6593170166015625,5.295341491699219,5.3215508460998535,
Hungary,5.193933486938477,,4.953917026519775,,4.8946003913879395,4.725132465362549,4.9176025390625,4.683358192443848,4.914466857910156,5.180563449859619,5.344383239746094,5.448901653289795,6.065038681030273,5.9357709884643555,6.000259876251221,6.038049697875977,6.226647853851318,5.861183166503906
Iceland,,,,6.888284206390381,,,,7.590660095214844,7.501394271850586,,7.49807071685791,7.510034561157227,7.4762139320373535,,7.532504558563232,7.575489521026611,7.564624786376953,7.448794364929199
India,,5.348258972167969,5.026793479919434,5.1458330154418945,4.521517753601074,4.989277362823486,4.634871482849121,4.720146656036377,4.427788734436035,4.424379348754883,4.342079162597656,4.179177284240723,4.046111106872559,3.818068742752075,3.248769760131836,4.223865509033203,3.558253765106201,3.929816246032715
Indonesia,,4.9469780921936035,5.1012139320373535,4.815309524536133,5.472361087799072,5.45729923248291,5.172608375549316,5.36777400970459,5.292237758636475,5.597375392913818,5.042799949645996,5.136325359344482,5.0984015464782715,5.340295791625977,5.346512794494629,4.8281474113464355,5.433173179626465,5.584685802459717
Iran,5.30819034576416,,5.336371421813965,5.128988265991211,,,4.767507076263428,4.6089277267456055,5.1395792961120605,4.682224273681641,4.749955654144287,4.652730941772461,4.716783046722412,4.278117656707764,5.00614595413208,4.864528179168701,4.787814140319824,4.976995468139648
Iraq,,,,4.589844703674316,4.7753167152404785,5.065462112426758,4.725366115570068,4.65950870513916,4.725017070770264,4.541502475738525,4.493377208709717,4.412537097930908,4.462399005889893,4.8864006996154785,,4.785165309906006,5.093667984008789,
Ireland,,7.144246578216553,,7.568029880523682,7.0459113121032715,7.257389545440674,7.006904125213623,6.9646453857421875,6.760085105895996,7.018379211425781,6.830125331878662,7.040731430053711,7.060155391693115,6.962335586547852,7.254841327667236,7.03493070602417,6.8276519775390625,6.869863986968994
Israel,,7.173417091369629,6.8411149978637695,7.261261463165283,7.3529791831970215,7.358916282653809,7.43314790725708,7.110854625701904,7.320563316345215,7.400570392608643,7.079411029815674,7.159010887145996,7.33103609085083,6.927178859710693,7.331779956817627,7.194928169250488,7.57752799987793,7.662397384643555
Italy,6.85378360748291,,6.5744123458862305,6.779774188995361,6.333800315856934,6.354238033294678,6.05708646774292,5.839313983917236,6.009373664855957,6.026585102081299,5.847683906555176,5.954524040222168,6.1988701820373535,6.516526699066162,6.4454169273376465,6.488356113433838,6.466744899749756,6.258476734161377
Ivory Coast,,,,,4.197181701660156,,,,3.739365577697754,3.570368528366089,4.445038795471191,4.542545795440674,5.0377349853515625,5.268374919891357,5.392012119293213,5.256503582000732,5.055806636810303,4.8486738204956055
Jamaica,,6.207881927490234,,,,,5.374446392059326,,5.708886623382568,5.3105387687683105,,,5.889759063720703,,6.309238910675049,5.424990653991699,5.8137335777282715,5.870189189910889
Japan,6.515817165374756,,6.2381978034973145,5.910679340362549,5.844999313354492,6.056752681732178,6.26279354095459,5.968216419219971,5.959361553192139,5.92262077331543,5.8796844482421875,5.95465087890625,5.9106764793396,5.793575286865234,5.908039093017578,6.1179633140563965,6.091324806213379,6.178009986877441
Jordan,6.2946600914001465,,5.598057270050049,4.930058002471924,5.99985933303833,5.569942474365234,5.539327621459961,5.131996154785156,5.171952724456787,5.333021640777588,5.404593467712402,5.271284580230713,4.808082580566406,4.6389336585998535,4.452548027038574,4.093991756439209,3.909149169921875,4.355606555938721
Kazakhstan,,5.475948333740234,5.71855354309082,5.886419773101807,5.38256311416626,5.514286518096924,5.735662937164307,5.759469509124756,5.835483074188232,5.970097541809082,5.949995040893555,5.5335516929626465,5.882351398468018,6.007636070251465,6.272268295288086,6.168269157409668,6.259634017944336,6.006279468536377
Kenya,,4.223234176635742,4.575657844543457,4.015274524688721,4.270434856414795,4.255859375,4.405310153961182,4.547335147857666,3.7953832149505615,4.9045796394348145,4.3576178550720215,4.396127700805664,4.475654125213623,4.655702590942383,4.618850231170654,4.546584129333496,4.464540958404541,4.447946548461914
Kosovo,,,5.103906154632568,5.521659851074219,5.891432762145996,5.176601409912109,4.859501838684082,5.639588356018066,6.125758171081543,5.000375270843506,5.077460765838623,5.7594122886657715,6.149199962615967,6.3918256759643555,6.425144195556641,6.294414043426514,6.648499488830566,6.159853458404541
Kuwait,,6.075547218322754,,,6.5852460861206055,6.798151016235352,6.377699375152588,6.221094608306885,6.4800310134887695,6.18013858795166,6.146031856536865,5.947194576263428,6.093905448913574,,6.106119632720947,,,
Kyrgyzstan,,4.641398906707764,4.697761535644531,4.736588001251221,5.069053649902344,4.996410846710205,4.921049118041992,5.207785606384277,5.402426719665527,5.252192974090576,4.905375957489014,4.856534004211426,5.6295366287231445,5.2973833084106445,5.685220718383789,6.24958610534668,5.563699722290039,5.667840957641602
Laos,,5.076225757598877,5.363854885101318,5.044098854064941,,,4.703749656677246,4.876084804534912,,,,,4.623140811920166,4.859402179718018,5.1968560218811035,5.284390926361084,4.9265217781066895,
Latvia,,4.709502220153809,4.666971683502197,5.1453752517700195,4.668910503387451,,4.966811656951904,5.125025272369385,5.069770336151123,5.7291154861450195,5.8805975914001465,5.940446376800537,5.977817535400391,5.901154041290283,5.969753742218018,6.229008674621582,6.353090763092041,6.054838180541992
Lebanon,5.491245269775391,4.653103828430176,,4.594851016998291,5.20599889755249,5.031899452209473,5.1875715255737305,4.572566986083984,4.983288764953613,5.233025550842285,5.171971321105957,5.270723819732666,5.153989791870117,5.167186737060547,4.024219512939453,2.6337525844573975,2.178809404373169,2.3524277210235596
Lesotho,,,,,,,4.897514820098877,,,,,3.8082048892974854,3.7953007221221924,,3.5117805004119873,,,
Liberia,,,3.7014012336730957,4.221354007720947,,4.196063041687012,,,,4.5714192390441895,2.7015912532806396,3.3546760082244873,4.424490928649902,4.134852886199951,5.121460914611816,,,4.04226016998291
Libya,,,,,,,,5.754394054412842,,,5.6154046058654785,5.4335832595825195,5.646852493286133,5.4939775466918945,5.330222129821777,,,
Lithuania,,5.954442977905273,5.808284759521484,5.55392599105835,5.466920852661133,5.06582498550415,5.432437419891357,5.7710371017456055,5.595689296722412,6.125723838806152,5.71137809753418,5.8655524253845215,6.272940635681152,6.3088788986206055,6.064097881317139,6.391378879547119,6.864572525024414,7.037577152252197
Luxembourg,,,,,6.957920074462891,7.097251892089844,7.101400375366211,6.964097023010254,7.130809307098389,6.891127109527588,6.701571464538574,6.96734094619751,7.061380863189697,7.242630958557129,7.40401554107666,,,7.227934837341309
Madagascar,,3.9797513484954834,,4.640079021453857,,,4.381415367126465,3.550609588623047,3.8156070709228516,3.6756269931793213,3.5925140380859375,3.6630859375,4.078620433807373,4.070586681365967,4.33908748626709,,,4.019134044647217
Malawi,,3.8298680782318115,4.891036510467529,,5.148239612579346,,3.9460625648498535,4.279269695281982,4.035084247589111,4.563080310821533,3.867638349533081,3.4764926433563232,3.416862964630127,3.3346335887908936,3.869123697280884,,3.6352832317352295,3.3555634021759033
Malaysia,,6.011716842651367,6.2389044761657715,5.806781768798828,5.384701728820801,5.580281734466553,5.786367416381836,5.914283752441406,5.770199775695801,5.962921619415283,6.3221211433410645,,,5.338817596435547,5.427954196929932,6.0141987800598145,6.010391712188721,
Maldives,,,,,,,,,,,,,,5.197574615478516,,,,
Mali,,4.014075756072998,,4.114664077758789,3.9765985012054443,3.7623050212860107,4.66683292388916,4.313016891479492,3.6762771606445312,3.9747142791748047,4.582098484039307,4.016027927398682,4.74185037612915,4.415729522705078,4.987991809844971,4.269473552703857,4.113095760345459,4.210547924041748
Malta,,,,,6.327639579772949,5.773874759674072,6.154718399047852,5.96287202835083,6.379924774169922,6.452117919921875,6.613394260406494,6.590842247009277,6.675665855407715,6.909710884094238,6.732977390289307,6.156822681427002,6.4437150955200195,6.299238204956055
Mauritania,,,4.149043083190918,4.248075008392334,4.500431537628174,4.7723069190979,4.784804344177246,4.673203945159912,4.199015140533447,4.482805252075195,3.922664165496826,4.47214937210083,4.678159713745117,4.313615322113037,4.152619361877441,,,4.7238688468933105
Mauritius,,,,,,,5.4770731925964355,,,5.647779941558838,,5.610003471374512,6.174117565155029,5.881740570068359,6.2411651611328125,6.015300273895264,5.949120044708252,5.7405009269714355
Mexico,6.580657958984375,,6.525378227233887,6.829036235809326,6.9628190994262695,6.802388668060303,6.909515380859375,7.32018518447876,7.442546367645264,6.679831027984619,6.2362871170043945,6.8241729736328125,6.410299301147461,6.549578666687012,6.431945323944092,5.964221000671387,5.990750789642334,7.0383687019348145
Moldova,,5.102071285247803,4.774918079376221,5.502756118774414,5.5543742179870605,5.589736461639404,5.792262554168701,5.995712757110596,5.756059169769287,5.91705846786499,6.017472267150879,5.577784061431885,5.325530529022217,5.682277202606201,5.803450584411621,5.811628818511963,5.959048748016357,5.686611652374268
Mongolia,,,4.6090593338012695,4.4930100440979,,4.58552360534668,5.0311737060546875,4.88515043258667,4.912928104400635,4.824834823608398,4.982719898223877,5.056999683380127,5.333850383758545,5.464622974395752,5.562905311584473,6.011364936828613,5.721034049987793,5.787830352783203
Montenegro,,,5.196315288543701,,4.801060199737549,5.45503044128418,5.223116874694824,5.218724250793457,5.074341773986816,5.282720565795898,5.1249213218688965,5.304066181182861,5.614798545837402,5.6501898765563965,5.3860249519348145,5.72216272354126,,
Morocco,,,,,,4.383247375488281,5.084972858428955,4.969656467437744,5.142160415649414,,5.163156986236572,5.386307239532471,5.312482833862305,4.896791934967041,5.056751728057861,4.80261754989624,5.326248645782471,4.59609317779541
Mozambique,,4.594879627227783,4.832634925842285,4.65358304977417,,,4.97111177444458,,,,4.54976749420166,,4.279863357543945,4.653713703155518,4.932132720947266,,5.1784868240356445,4.739677429199219
Myanmar,,,,,,,,4.438939571380615,4.175670623779297,4.786247253417969,4.223846435546875,4.623119831085205,4.154341697692871,4.410633087158203,4.434237480163574,4.431364059448242,4.314039707183838,
Namibia,,,4.885587215423584,,,,,,,4.573991298675537,,,4.441306114196777,4.83408784866333,4.4358110427856445,4.451010227203369,4.491207122802734,4.948962688446045
Nepal,,4.56659460067749,4.748284339904785,4.440526485443115,4.916868209838867,4.349675178527832,3.8094446659088135,4.233244895935059,4.604576587677002,4.975014686584473,4.812436580657959,5.099539756774902,4.736692428588867,4.910086631774902,5.448724746704102,5.982410430908203,4.622300148010254,5.474175930023193
Netherlands,7.463979244232178,,7.451879501342773,7.631011962890625,,7.501875877380371,7.563797950744629,7.470715522766113,7.406550407409668,7.321188449859619,7.324437141418457,7.540877342224121,7.458965301513672,7.463097095489502,7.425268650054932,7.504447937011719,7.314151287078857,7.389636039733887
New Zealand,,7.305014133453369,7.604173183441162,7.381170749664307,,7.223756313323975,7.190638065338135,7.249629974365234,7.280151844024658,7.305892467498779,7.418120861053467,7.2256879806518555,7.327182769775391,7.370285987854004,7.205174446105957,7.257381916046143,7.136700630187988,6.974986553192139
Nicaragua,,4.460158348083496,4.944090843200684,5.103827476501465,5.352804660797119,5.686699390411377,5.385705471038818,5.4480061531066895,5.772274971008301,6.275266647338867,5.924112796783447,6.012739658355713,6.476356506347656,5.818952560424805,6.112545013427734,6.286890029907227,6.095348834991455,6.3922576904296875
Niger,,3.7369518280029297,4.277402400970459,4.235657215118408,4.267169952392578,4.101016044616699,4.5558295249938965,3.798088312149048,3.71632981300354,4.180943489074707,3.6714537143707275,4.234645843505859,4.615673542022705,5.164007186889648,5.003544330596924,,,4.501331329345703
Nigeria,,4.70974588394165,4.8904194831848145,4.938560485839844,4.980220317840576,4.760275840759277,,5.492954254150391,4.817868709564209,,4.932914733886719,5.219567775726318,5.321928024291992,5.252288341522217,4.266484260559082,5.50294828414917,4.4792656898498535,
North Macedonia,,,4.493598461151123,,4.4280219078063965,4.180202007293701,4.89818000793457,4.639647483825684,5.186190605163574,5.203825950622559,4.975589752197266,5.345746040344238,5.2338666915893555,5.239834785461426,5.0154852867126465,5.053664207458496,5.534749984741211,5.166881561279297
Norway,,7.415682315826416,,7.632287502288818,,,,7.678277015686035,,7.4444708824157715,7.603433609008789,7.596331596374512,7.578744888305664,7.4442620277404785,7.442139625549316,7.290032386779785,7.361573696136475,7.294604301452637
Oman,,,,,,,6.852982044219971,,,,,,,,,,,
Pakistan,5.2246575355529785,,5.6714606285095215,4.413918972015381,5.208146572113037,5.7861328125,5.267186164855957,5.131565093994141,5.138082504272461,5.435657978057861,4.823194980621338,5.548508167266846,5.830870628356934,5.471553802490234,4.442717552185059,4.623969078063965,4.486834526062012,
Panama,,6.127988338470459,6.894139766693115,6.930903434753418,7.033740043640137,7.321467399597168,7.248080730438232,6.859835624694824,6.866480350494385,6.631171226501465,6.605550289154053,6.117638111114502,6.5676589012146,6.281434059143066,6.0859551429748535,,6.552778720855713,5.979382038116455
Paraguay,,4.730082035064697,5.272461414337158,5.570061683654785,5.576147079467773,5.841174125671387,5.6770806312561035,5.820058345794678,5.9362406730651855,5.1186418533325195,5.5597243309021,5.801380157470703,5.7132954597473145,,5.652625560760498,5.501248836517334,5.575535297393799,6.1376118659973145
Peru,,4.810845375061035,5.213962078094482,5.129230976104736,5.5188469886779785,5.612785339355469,5.892457485198975,5.824557304382324,5.782557487487793,5.86581563949585,5.577263355255127,5.700628757476807,5.710936546325684,5.679661273956299,5.9993815422058105,4.994379043579102,5.694317817687988,5.892068862915039
Philippines,,4.66994571685791,5.073562145233154,4.589065074920654,4.879910945892334,4.941514015197754,4.993956565856934,5.001965045928955,4.976925373077393,5.312550067901611,5.547489166259766,5.430832862854004,5.5942702293396,5.8691725730896,6.267745018005371,5.079585075378418,5.965057849884033,
Poland,5.587209224700928,,5.88613748550415,,5.772027492523193,5.887029647827148,5.646204948425293,5.875931739807129,5.746131896972656,5.750282287597656,6.007021903991699,6.162076473236084,6.201268196105957,6.111485004425049,6.242094039916992,6.139455318450928,5.978068828582764,6.66626501083374
Portugal,,5.405246257781982,,5.71696662902832,,5.0945258140563965,5.219997882843018,4.993962287902832,5.157688140869141,5.126911640167236,5.08086633682251,5.446637153625488,5.711499214172363,5.919822692871094,6.095473289489746,5.767792224884033,6.183014392852783,5.952542781829834
Qatar,,,,,6.4178242683410645,6.8496527671813965,6.591604232788086,6.611298561096191,,,6.3745293617248535,,,,,,,
Romania,5.048648357391357,,5.393723964691162,,5.367565155029297,4.909165859222412,5.022757530212402,5.166874885559082,5.081584453582764,5.726893424987793,5.777491092681885,5.968870639801025,6.08990478515625,6.15087890625,6.129942417144775,6.785142421722412,6.548725605010986,6.436973571777344
Russia,,4.963742733001709,5.222867488861084,5.618753910064697,5.158227920532227,5.384773254394531,5.388766288757324,5.6207356452941895,5.537177562713623,6.0369768142700195,5.995538711547852,5.854945659637451,5.578742980957031,5.513500213623047,5.440523624420166,5.495288848876953,5.448261260986328,6.04407262802124
Rwanda,,4.214703559875488,,4.3629889488220215,4.029761791229248,,4.09743595123291,3.333047866821289,3.4663877487182617,3.5956783294677734,3.4831089973449707,3.3329899311065674,3.1083738803863525,3.561046600341797,3.2681522369384766,,,
Saudi Arabia,7.079644203186035,,7.266694068908691,6.811370372772217,6.147590160369873,6.307098388671875,6.699789524078369,6.396359443664551,6.495132923126221,6.278378009796143,6.345491886138916,6.473921298980713,6.29428243637085,6.356393337249756,6.5612473487854,6.559588432312012,6.445294380187988,6.38161039352417
Senegal,,4.417352676391602,4.679986953735352,4.683499813079834,4.335114002227783,4.372156143188477,3.8342015743255615,3.6687369346618652,3.647367000579834,4.394777297973633,4.617000579833984,4.594533920288086,4.683024883270264,4.7693772315979,5.488736629486084,4.756773471832275,4.902830600738525,4.906819820404053
Serbia,,,4.7503838539123535,,4.380311965942383,4.461304187774658,4.815186500549316,5.154521942138672,5.101840496063232,5.112728595733643,5.317685127258301,5.7527546882629395,5.122031211853027,5.936493396759033,6.24140739440918,6.04154634475708,6.245267391204834,
Sierra Leone,,3.6281850337982178,3.585127353668213,2.997251033782959,,4.133955955505371,4.501643657684326,,4.514291286468506,4.499970436096191,4.908617973327637,4.732953071594238,4.08956241607666,4.305683135986328,3.4473814964294434,,3.71429443359375,2.560429573059082
Singapore,,6.462702751159668,6.833754539489746,6.641956806182861,6.144676685333252,6.531401634216309,6.561041831970215,,6.533206939697266,7.06236457824707,6.619524955749512,6.033480644226074,6.3784379959106445,6.374564170837402,6.378359794616699,,6.586717128753662,
Slovakia,,5.264676570892334,,,,6.052223205566406,5.9450483322143555,5.911059379577637,5.936527252197266,6.138873100280762,6.162004470825195,5.993163108825684,6.365509033203125,6.235110759735107,6.243428707122803,6.519098281860352,6.418503761291504,
Slovenia,,5.811264514923096,,,5.830160617828369,6.082555294036865,6.035964012145996,6.062891006469727,5.974888801574707,5.6783952713012695,5.740642070770264,5.936821460723877,6.166837692260742,6.249419212341309,6.665273666381836,6.462076187133789,6.761220932006836,6.723397731781006
Somalia,,,,,,,,,,5.52827262878418,5.353644847869873,4.667941093444824,,,,,,
Somaliland region,,,,,4.991399765014648,4.657363414764404,4.930571556091309,5.057314395904541,,,,,,,,,,
South Africa,,5.083986759185791,5.20445442199707,5.346306800842285,5.218430995941162,4.65242862701416,4.930511474609375,5.133887767791748,3.6607272624969482,4.828456401824951,4.887325763702393,4.769739627838135,4.513655185699463,4.883922100067139,5.034863471984863,4.946800708770752,5.598653793334961,
South Korea,,5.332177639007568,5.767275810241699,5.38962459564209,5.6476898193359375,6.116024494171143,6.946599006652832,6.003286838531494,5.958809852600098,5.80132532119751,5.780211448669434,5.970564365386963,5.873887062072754,5.840231418609619,5.9028167724609375,5.79269552230835,6.11274528503418,5.950013637542725
South Sudan,,,,,,,,,,3.8319923877716064,4.070771217346191,2.8881123065948486,2.816622495651245,,,,,
Spain,7.152785778045654,,6.994614601135254,7.294472694396973,6.198601245880127,6.188262462615967,6.518249034881592,6.2906904220581055,6.150027275085449,6.456477642059326,6.3806633949279785,6.318612098693848,6.230173110961914,6.513370990753174,6.457449436187744,6.502175331115723,6.469611167907715,6.336902141571045
Sri Lanka,,4.344610691070557,4.4148054122924805,4.430846214294434,4.212026596069336,3.976905107498169,4.180569171905518,4.224593162536621,4.364694118499756,4.267932891845703,4.611606597900391,,4.3309454917907715,4.435023784637451,4.21329927444458,4.778489112854004,4.103446960449219,
State of Palestine,,4.716387748718262,4.1510539054870605,4.385603427886963,4.470191478729248,4.702603816986084,4.751219749450684,4.646608352661133,4.844027996063232,4.721938133239746,4.695239067077637,4.906618118286133,4.6281328201293945,4.553921699523926,4.482537269592285,,,4.907760143280029
Sudan,,,,,4.4549174308776855,4.435159683227539,4.314456462860107,4.550499439239502,,4.138672828674316,,,,,,,,
Suriname,,,,,,,,6.269286632537842,,,,,,,,,,
Sweden,7.376315593719482,,7.241362571716309,7.515997409820557,7.265977382659912,7.496018886566162,7.382232189178467,7.560147762298584,7.4340105056762695,7.239147663116455,7.288922309875488,7.368744373321533,7.286804676055908,7.374792098999023,7.398092746734619,7.314341068267822,7.439280033111572,7.431214332580566
Switzerland,,7.473252773284912,,,7.5245208740234375,,,7.776208877563477,,7.492803573608398,7.572136878967285,7.45851993560791,7.473593235015869,7.508586883544922,7.694221019744873,7.508435249328613,7.327672481536865,6.883844375610352
Syria,,,,5.3233323097229,4.978970527648926,4.464707851409912,4.03788948059082,3.1644911766052246,2.6875529289245605,,3.4619128704071045,,,,,,,
Taiwan Province of China,,6.189050197601318,,5.547682285308838,,6.2285308837890625,6.308915138244629,6.125916957855225,6.340344429016113,6.363496780395508,6.450088024139404,6.512850761413574,6.359450817108154,6.467004776000977,6.537089824676514,6.751067638397217,6.246744155883789,6.607147216796875
Tajikistan,,4.613099098205566,4.4316086769104,5.063986778259277,4.575174808502197,4.380636215209961,4.26267147064209,4.4965715408325195,4.966521263122559,4.896157741546631,5.124210834503174,5.1037211418151855,5.8292341232299805,5.497468948364258,5.464015483856201,5.373398780822754,5.2868242263793945,
Tanzania,,3.9224841594696045,4.3179497718811035,4.38474178314209,3.40750789642334,3.2291290760040283,4.073562145233154,4.006897449493408,3.8523948192596436,3.483278512954712,3.660597324371338,2.9027342796325684,3.347121238708496,3.44502329826355,3.6401548385620117,3.785684108734131,3.680567979812622,3.615845203399658
Thailand,,5.885432720184326,5.783891201019287,5.636471271514893,5.475645065307617,6.216702938079834,6.663609027862549,6.300235271453857,6.231024742126465,6.985463619232178,6.201762676239014,6.073639869689941,5.938895225524902,6.011561870574951,6.022151470184326,5.884544372558594,5.638096809387207,6.00711727142334
Togo,,3.2024292945861816,,2.8078551292419434,,,2.93622088432312,,,2.838958740234375,3.7683019638061523,3.8785784244537354,4.360805034637451,4.022894859313965,4.1794939041137695,,4.036543846130371,4.238982200622559
Trinidad and Tobago,,5.832188606262207,,6.696444034576416,,,6.5187458992004395,,6.1677069664001465,,,,6.191859722137451,,,,,
Tunisia,,,,,5.02547025680542,5.130520820617676,4.876482009887695,4.463531017303467,5.245604991912842,4.763594627380371,5.1316118240356445,4.521453380584717,4.124342918395996,4.7411322593688965,4.315479755401611,4.73081111907959,4.499485969543457,4.260868072509766
Turkiye,4.718733787536621,,5.623471736907959,5.118231773376465,5.212841510772705,5.490347385406494,5.271944046020508,5.309076309204102,4.888177394866943,5.579794406890869,5.51446533203125,5.326221942901611,5.607262134552002,5.185689449310303,4.872073650360107,4.861554145812988,4.366639614105225,
Turkmenistan,,,,,6.567713260650635,,5.791754722595215,5.463827133178711,5.391762733459473,5.787379264831543,5.791460037231445,5.887051582336426,5.229148864746094,4.620601654052734,5.474299907684326,,,
Uganda,,3.733583927154541,4.455838680267334,4.568619251251221,4.611985683441162,4.192882061004639,4.826001167297363,4.309237957000732,3.7095787525177,3.7699191570281982,4.237686634063721,4.2332611083984375,4.000516891479492,4.321714878082275,4.948051452636719,4.640909671783447,4.224533557891846,
Ukraine,,4.803954124450684,5.252181529998779,5.172380447387695,5.165639400482178,5.05756139755249,5.083132743835449,5.030342102050781,4.7108025550842285,4.297329902648926,3.964542865753174,4.028690338134766,4.3110671043396,4.661909103393555,4.7017621994018555,5.2696757316589355,5.311355113983154,4.637436389923096
United Arab Emirates,,6.734221935272217,,,6.866062641143799,7.0974555015563965,7.118701457977295,7.217766761779785,6.620951175689697,6.539854526519775,6.568397521972656,6.8309502601623535,7.039419651031494,6.603743553161621,6.710782527923584,6.458392143249512,6.733067512512207,6.737605571746826
United Kingdom,6.983556747436523,,6.801930904388428,6.98646354675293,6.9065470695495605,7.029364109039307,6.869248867034912,6.880784034729004,6.918055057525635,6.758147716522217,6.515445232391357,6.824283599853516,7.103273391723633,7.233445167541504,7.157151222229004,6.798177242279053,6.86696195602417,6.721779823303223
United States,,7.181793689727783,7.512687683105469,7.280385971069336,7.158032417297363,7.163616180419922,7.115138530731201,7.026226997375488,7.2492852210998535,7.151114463806152,6.863946914672852,6.803599834442139,6.991759300231934,6.882684707641602,6.943701267242432,7.028088092803955,6.95908784866333,6.6927900314331055
Uruguay,,5.785868167877197,5.69394588470459,5.663869857788086,6.296222686767578,6.062010765075684,6.554047107696533,6.449728488922119,6.444464683532715,6.56144380569458,6.628080368041992,6.171485424041748,6.336009979248047,6.3717145919799805,6.600337028503418,6.309681415557861,6.501700401306152,6.6708526611328125
Uzbekistan,,5.2323222160339355,,5.311368465423584,5.260720729827881,5.09534215927124,5.738744258880615,6.019331932067871,5.939986228942871,6.049212455749512,5.97236442565918,5.892539024353027,6.42144775390625,6.205460071563721,6.154049396514893,5.841929912567139,6.18530797958374,6.016238689422607
Venezuela,7.169620990753174,6.525146007537842,,6.2577714920043945,7.188803195953369,7.47845458984375,6.579789161682129,7.066577434539795,6.552796363830566,6.136096477508545,5.568800449371338,4.041114807128906,5.070750713348389,5.0056633949279785,5.080803394317627,4.573829650878906,5.107553005218506,5.9489922523498535
Vietnam,,5.293659687042236,5.421687602996826,5.4804253578186035,5.304264545440674,5.295780658721924,5.7673444747924805,5.53456974029541,5.022698879241943,5.084923267364502,5.076315402984619,5.062267303466797,5.175278663635254,5.295547008514404,5.467451095581055,5.462341785430908,5.540249824523926,6.26650857925415
Yemen,,,4.477132797241211,,4.809258937835693,4.35031270980835,3.74625563621521,4.060600757598877,4.217678546905518,3.9679579734802246,2.9826738834381104,3.8256309032440186,3.2535600662231445,3.057513952255249,4.19691276550293,,,
Zambia,,4.8244547843933105,3.998293161392212,4.7302632331848145,5.2603607177734375,,4.9991135597229,5.0133748054504395,5.243995666503906,4.345837116241455,4.843164443969727,4.347543716430664,3.9327774047851562,4.041488170623779,3.3067965507507324,4.837992191314697,3.0821549892425537,
Zimbabwe,,3.826268434524536,3.2802467346191406,3.1742637157440186,4.055914402008057,4.681569576263428,4.845641613006592,4.9551005363464355,4.690187931060791,4.184450626373291,3.7031912803649902,3.7354001998901367,3.6383001804351807,3.6164798736572266,2.6935231685638428,3.159802198410034,3.15457820892334,3.29621958732605
