Year,Afghanistan,Albania,Algeria,Angola,Argentina,Armenia,Australia,Austria,Azerbaijan,Bahrain,Bangladesh,Belarus,Belgium,Belize,Benin,Bhutan,Bolivia,Bosnia and Herzegovina,Botswana,Brazil,Bulgaria,Burkina Faso,Burundi,Cambodia,Cameroon,Canada,Central African Republic,Chad,Chile,China,Colombia,Comoros,Congo (Brazzaville),Congo (Kinshasa),Costa Rica,Croatia,Cuba,Cyprus,Czechia,Denmark,Djibouti,Dominican Republic,Ecuador,Egypt,El Salvador,Estonia,Eswatini,Ethiopia,Finland,France,Gabon,Gambia,Georgia,Germany,Ghana,Greece,Guatemala,Guinea,Guyana,Haiti,Honduras,Hong Kong S.A.R. of China,Hungary,Iceland,India,Indonesia,Iran,Iraq,Ireland,Israel,Italy,Ivory Coast,Jamaica,Japan,Jordan,Kazakhstan,Kenya,Kosovo,Kuwait,Kyrgyzstan,Laos,Latvia,Lebanon,Lesotho,Liberia,Libya,Lithuania,Luxembourg,Madagascar,Malawi,Malaysia,Maldives,Mali,Malta,Mauritania,Mauritius,Mexico,Moldova,Mongolia,Montenegro,Morocco,Mozambique,Myanmar,Namibia,Nepal,Netherlands,New Zealand,Nicaragua,Niger,Nigeria,North Macedonia,Norway,Oman,Pakistan,Panama,Paraguay,Peru,Philippines,Poland,Portugal,Qatar,Romania,Russia,Rwanda,Saudi Arabia,Senegal,Serbia,Sierra Leone,Singapore,Slovakia,Slovenia,Somalia,Somaliland region,South Africa,South Korea,South Sudan,Spain,Sri Lanka,State of Palestine,Sudan,Suriname,Sweden,Switzerland,Syria,Taiwan Province of China,Tajikistan,Tanzania,Thailand,Togo,Trinidad and Tobago,Tunisia,Turkiye,Turkmenistan,Uganda,Ukraine,United Arab Emirates,United Kingdom,United States,Uruguay,Uzbekistan,Venezuela,Vietnam,Yemen,Zambia,Zimbabwe
2005,,,,,,,7.340688228607178,,,,,,7.262290477752685,,,,,,,6.636771202087402,,,,,,7.41804838180542,,,,,,,,,,,,,6.43925666809082,8.01893424987793,,,,5.167754173278809,,,,,,7.093392848968506,,,,6.619549751281738,,6.006309986114502,,,,,,,5.193933486938477,,,,5.30819034576416,,,,6.85378360748291,,,6.515817165374756,6.2946600914001465,,,,,,,,5.491245269775391,,,,,,,,,,,,,,6.580657958984375,,,,,,,,,7.463979244232178,,,,,,,,5.2246575355529785,,,,,5.587209224700928,,,5.048648357391357,,,7.079644203186035,,,,,,,,,,,,7.152785778045654,,,,,7.376315593719482,,,,,,,,,,4.718733787536621,,,,,6.983556747436523,,,,7.169620990753174,,,,
2006,,,,,6.312925338745117,4.289310932159424,,7.122211456298828,4.727870941162109,,4.318909168243408,5.657649993896484,,,3.329801559448242,,5.37398624420166,,4.7393670082092285,,,3.8014907836914062,,3.568744659423828,3.851072072982788,,,3.434800624847412,6.062851905822754,4.560495376586914,6.024942874908447,,,,7.082465171813965,,5.417868614196777,6.2379584312438965,,,,5.087967872619629,5.024191379547119,,5.700929641723633,5.371054649353027,,,7.672449111938477,6.582700252532959,,,3.675108432769776,,4.535019874572754,,5.901429176330566,,,3.7541561126708975,5.396519660949707,5.511187076568604,,,5.348258972167969,4.946978092193604,,,7.144246578216553,7.173417091369629,,,6.207881927490234,,,5.475948333740234,4.223234176635742,,6.075547218322754,4.641398906707764,5.076225757598877,4.709502220153809,4.653103828430176,,,,5.954442977905273,,3.9797513484954834,3.829868078231812,6.011716842651367,,4.014075756072998,,,,,5.102071285247803,,,,4.594879627227783,,,4.56659460067749,,7.305014133453369,4.460158348083496,3.7369518280029297,4.70974588394165,,7.415682315826416,,,6.127988338470459,4.730082035064697,4.810845375061035,4.66994571685791,,5.405246257781982,,,4.963742733001709,4.214703559875488,,4.417352676391602,,3.6281850337982178,6.462702751159668,5.264676570892334,5.811264514923096,,,5.083986759185791,5.332177639007568,,,4.344610691070557,4.716387748718262,,,,7.473252773284912,,6.189050197601318,4.613099098205566,3.922484159469605,5.885432720184326,3.2024292945861816,5.832188606262207,,,,3.733583927154541,4.803954124450684,6.734221935272217,,7.181793689727783,5.785868167877197,5.232322216033936,6.525146007537842,5.293659687042236,,4.824454784393311,3.826268434524536
2007,,4.634251594543457,,,6.073158264160156,4.881515502929688,7.285390853881836,,4.568159580230713,,4.607322216033936,5.616976261138916,7.218839645385742,6.450644493103027,,,5.628419399261475,4.899806976318359,,6.320672988891602,3.8437979221344,4.017130374908447,,4.155971050262451,4.349939346313477,7.481752872467041,4.160129547119141,4.141326904296875,5.697929859161377,4.86286211013794,6.138411521911621,,,,7.432132244110107,5.8209075927734375,,,6.500194072723389,7.834233283996582,,5.081305980682373,4.995875358581543,5.540510654449463,5.295535087585449,5.332044124603272,,,,,,,3.707194566726685,6.4168195724487305,5.220148086547852,6.646961212158203,6.329581260681152,,5.992826461791992,,5.097154140472412,,4.953917026519775,,5.026793479919434,5.1012139320373535,5.336371421813965,,,6.8411149978637695,6.574412345886231,,,6.2381978034973145,5.598057270050049,5.71855354309082,4.575657844543457,5.103906154632568,,4.697761535644531,5.363854885101318,4.666971683502197,,,3.701401233673096,,5.808284759521484,,,4.891036510467529,6.238904476165772,,,,4.149043083190918,,6.525378227233887,4.774918079376221,4.6090593338012695,5.196315288543701,,4.832634925842285,,4.885587215423584,4.748284339904785,7.451879501342773,7.604173183441162,4.944090843200684,4.277402400970459,4.890419483184815,4.493598461151123,,,5.6714606285095215,6.894139766693115,5.272461414337158,5.213962078094482,5.073562145233154,5.88613748550415,,,5.393723964691162,5.222867488861084,,7.266694068908691,4.679986953735352,4.7503838539123535,3.585127353668213,6.833754539489746,,,,,5.20445442199707,5.767275810241699,,6.994614601135254,4.4148054122924805,4.1510539054870605,,,7.241362571716309,,,,4.4316086769104,4.317949771881104,5.783891201019287,,,,5.623471736907959,,4.455838680267334,5.252181529998779,,6.801930904388428,7.512687683105469,5.69394588470459,,,5.421687602996826,4.477132797241211,3.998293161392212,3.2802467346191406
2008,3.7235898971557617,,,,5.961034297943115,4.65197229385376,7.253757476806641,7.180953979492188,4.8171892166137695,,5.052278518676758,5.463332176208496,7.116590976715088,,3.6671395301818848,,5.297872543334961,,5.451147079467773,6.69142484664917,,3.8464388847351074,3.563227653503418,4.462163925170898,4.291800498962402,7.4856038093566895,,4.632468223571777,5.789438724517822,4.84629487991333,6.168395042419434,,3.8197922706604,,6.850679874420166,,,,,7.970891952514648,5.0093302726745605,4.842305660247803,5.296513080596924,4.631741046905518,5.191493988037109,5.451937675476074,,,7.670626640319824,7.0080647468566895,,,4.156090259552002,6.521790027618408,4.965134620666504,,6.414494514465332,,,3.8463292121887207,5.420331001281738,5.137261867523193,,6.888284206390381,5.145833015441895,4.815309524536133,5.128988265991211,4.589844703674316,7.568029880523682,7.261261463165283,6.779774188995361,,,5.910679340362549,4.930058002471924,5.886419773101807,4.015274524688721,5.521659851074219,,4.736588001251221,5.044098854064941,5.14537525177002,4.594851016998291,,4.221354007720947,,5.55392599105835,,4.640079021453857,,5.806781768798828,,4.114664077758789,,4.248075008392334,,6.829036235809326,5.502756118774414,4.4930100440979,,,4.65358304977417,,,4.440526485443115,7.631011962890625,7.381170749664307,5.103827476501465,4.235657215118408,4.938560485839844,,7.632287502288818,,4.413918972015381,6.930903434753418,5.570061683654785,5.129230976104736,4.589065074920654,,5.71696662902832,,,5.618753910064697,4.3629889488220215,6.811370372772217,4.683499813079834,,2.997251033782959,6.641956806182861,,,,,5.346306800842285,5.38962459564209,,7.294472694396973,4.430846214294434,4.385603427886963,,,7.515997409820557,,5.3233323097229,5.547682285308838,5.063986778259277,4.38474178314209,5.636471271514893,2.807855129241944,6.696444034576416,,5.118231773376465,,4.568619251251221,5.172380447387695,,6.98646354675293,7.280385971069336,5.663869857788086,5.311368465423584,6.2577714920043945,5.480425357818604,,4.730263233184815,3.1742637157440186
2009,4.401778221130371,5.485469818115234,,,6.42413330078125,4.177581787109375,,,4.57372522354126,5.700523376464844,5.082851409912109,5.564131259918213,,,,,6.0855793952941895,4.96347713470459,,7.000831604003906,,,3.791680812835693,4.110625743865967,4.741408348083496,7.487824440002441,,3.6394450664520255,6.493686199188232,4.454360961914063,6.271604537963867,3.476027250289917,,3.983848571777344,7.614928722381592,5.433319568634033,,6.83347749710083,,7.683358669281006,4.905925273895264,5.431613922119141,6.021803379058838,5.066164493560791,6.839087009429932,5.1377387046813965,,,,6.283498287200928,,,3.800639152526856,6.641493320465088,4.197695732116699,6.038574695587158,6.451916217803955,,,,6.033189296722412,5.397055625915527,4.89460039138794,,4.521517753601074,5.472361087799072,,4.775316715240479,7.045911312103272,7.352979183197021,6.333800315856934,4.197181701660156,,5.844999313354492,5.99985933303833,5.38256311416626,4.270434856414795,5.891432762145996,6.5852460861206055,5.069053649902344,,4.668910503387451,5.20599889755249,,,,5.466920852661133,6.957920074462891,,5.148239612579346,5.384701728820801,,3.976598501205444,6.327639579772949,4.500431537628174,,6.9628190994262695,5.5543742179870605,,4.801060199737549,,,,,4.916868209838867,,,5.352804660797119,4.267169952392578,4.980220317840576,4.4280219078063965,,,5.208146572113037,7.033740043640137,5.576147079467773,5.5188469886779785,4.879910945892334,5.772027492523193,,6.4178242683410645,5.367565155029297,5.158227920532227,4.029761791229248,6.147590160369873,4.335114002227783,4.380311965942383,,6.144676685333252,,5.830160617828369,,4.991399765014648,5.218430995941162,5.6476898193359375,,6.198601245880127,4.212026596069336,4.470191478729248,4.4549174308776855,,7.265977382659912,7.524520874023437,4.978970527648926,,4.575174808502197,3.40750789642334,5.475645065307617,,,5.02547025680542,5.212841510772705,6.567713260650635,4.611985683441162,5.165639400482178,6.866062641143799,6.9065470695495605,7.158032417297363,6.296222686767578,5.260720729827881,7.188803195953369,5.304264545440674,4.809258937835693,5.2603607177734375,4.055914402008057
2010,4.758380889892578,5.268936634063721,5.463566780090332,,6.441067218780518,4.36781120300293,7.450047016143799,7.30267858505249,4.218610763549805,5.936869144439697,4.858481407165527,5.525923252105713,6.853514194488525,,,,5.780620098114014,4.668517589569092,3.5530202388763428,6.837331295013428,3.912276268005371,4.035560607910156,,4.1410722732543945,4.554256916046143,7.650346279144287,3.567892551422119,3.742871046066284,6.635655879974365,4.652736663818359,6.408113479614258,3.812191009521485,,,7.271053791046143,5.595575332641602,,6.3865461349487305,6.249617576599121,7.770515441894531,5.005810737609863,4.735021114349365,5.8380513191223145,4.66891622543335,6.739911079406738,,,,7.393264293670654,6.797901153564453,,,4.101837158203125,6.724531173706055,4.6062517166137695,5.8395586013793945,6.289748668670654,,,3.7659988403320312,5.86613130569458,5.642834663391113,4.725132465362549,,4.989277362823486,5.45729923248291,,5.065462112426758,7.257389545440674,7.358916282653809,6.354238033294678,,,6.056752681732178,5.569942474365234,5.514286518096924,4.255859375,5.176601409912109,6.798151016235352,4.996410846710205,,,5.031899452209473,,4.196063041687012,,5.06582498550415,7.097251892089844,,,5.580281734466553,,3.7623050212860103,5.773874759674072,4.7723069190979,,6.802388668060303,5.589736461639404,4.58552360534668,5.45503044128418,4.383247375488281,,,,4.349675178527832,7.501875877380371,7.223756313323975,5.686699390411377,4.101016044616699,4.760275840759277,4.180202007293701,,,5.7861328125,7.321467399597168,5.841174125671387,5.612785339355469,4.941514015197754,5.887029647827148,5.0945258140563965,6.8496527671813965,4.909165859222412,5.384773254394531,,6.307098388671875,4.372156143188477,4.461304187774658,4.133955955505371,6.531401634216309,6.052223205566406,6.082555294036865,,4.657363414764404,4.65242862701416,6.116024494171143,,6.188262462615967,3.976905107498169,4.702603816986084,4.435159683227539,,7.496018886566162,,4.464707851409912,6.228530883789063,4.380636215209961,3.2291290760040283,6.216702938079834,,,5.130520820617676,5.490347385406494,,4.192882061004639,5.05756139755249,7.0974555015563965,7.029364109039307,7.163616180419922,6.062010765075684,5.09534215927124,7.47845458984375,5.295780658721924,4.35031270980835,,4.681569576263428
2011,3.831719160079956,5.867421627044678,5.31719446182251,5.589000701904297,6.775805473327637,4.260491371154785,7.405616283416748,7.470512866973877,4.680469512939453,4.823976039886475,4.985649108886719,5.225307941436768,7.111363887786865,,3.870279550552368,,5.778874397277832,4.994670867919922,3.519921064376831,7.037816524505615,3.875382423400879,4.785367488861084,3.7058942317962646,4.161225318908691,4.433885097503662,7.426053524017334,3.677826404571533,4.393482208251953,6.526334762573242,5.03720760345459,6.463952541351318,3.8384859561920166,4.509824275970459,4.516963958740234,7.228888511657715,5.385372638702393,,6.689608573913574,6.331490993499756,7.78823184967041,4.3691935539245605,5.396535396575928,5.795088291168213,4.174158573150635,4.741294860839844,5.486819744110107,4.867091178894043,,7.354225158691406,6.959185123443604,4.255400657653809,,4.203030586242676,6.621312141418457,5.608199596405029,5.372039794921875,5.743353843688965,4.044569492340088,,4.844573974609375,4.961031436920166,5.474010944366455,4.9176025390625,,4.634871482849121,5.172608375549316,4.767507076263428,4.725366115570068,7.006904125213623,7.43314790725708,6.05708646774292,,5.374446392059326,6.26279354095459,5.539327621459961,5.735662937164307,4.405310153961182,4.859501838684082,6.377699375152588,4.921049118041992,4.703749656677246,4.966811656951904,5.1875715255737305,4.897514820098877,,,5.432437419891357,7.101400375366211,4.381415367126465,3.9460625648498535,5.786367416381836,,4.66683292388916,6.154718399047852,4.784804344177246,5.477073192596436,6.909515380859375,5.792262554168701,5.031173706054688,5.223116874694824,5.084972858428955,4.97111177444458,,,3.8094446659088135,7.563797950744629,7.190638065338135,5.385705471038818,4.5558295249938965,,4.89818000793457,,6.852982044219971,5.267186164855957,7.248080730438232,5.677080631256104,5.892457485198975,4.993956565856934,5.646204948425293,5.219997882843018,6.591604232788086,5.022757530212402,5.388766288757324,4.09743595123291,6.699789524078369,3.8342015743255615,4.815186500549316,4.501643657684326,6.561041831970215,5.945048332214356,6.035964012145996,,4.930571556091309,4.930511474609375,6.946599006652832,,6.518249034881592,4.180569171905518,4.751219749450684,4.314456462860107,,7.382232189178467,,4.03788948059082,6.308915138244629,4.26267147064209,4.073562145233154,6.663609027862549,2.93622088432312,6.51874589920044,4.876482009887695,5.271944046020508,5.791754722595215,4.826001167297363,5.083132743835449,7.118701457977295,6.869248867034912,7.115138530731201,6.554047107696533,5.738744258880615,6.579789161682129,5.7673444747924805,3.74625563621521,4.9991135597229,4.845641613006592
2012,3.782937526702881,5.510124206542969,5.60459566116333,4.360249996185303,6.468387126922607,4.319711685180664,7.19558572769165,7.400688648223877,4.91077184677124,5.027186870574951,4.724443912506104,5.7490434646606445,6.935122013092041,,3.193468809127808,,6.018894672393799,4.773144721984863,4.835938930511475,6.660003662109375,4.222297191619873,3.955008029937744,,3.8987069129943848,4.24463415145874,7.415144443511963,,4.032974720001221,6.599128723144531,5.094917297363281,6.374879837036133,3.9556403160095215,3.919341802597046,4.639227390289307,7.272250175476074,6.027634620666504,,6.180507183074951,6.334149360656738,7.519909381866455,,4.7533111572265625,5.960716247558594,4.204156875610352,5.934371471405029,5.363927841186523,,4.561168670654297,7.4202094078063965,6.649365425109863,3.9720592498779297,,4.254445552825928,6.702362060546875,5.057261943817139,5.096354007720947,5.855717182159424,3.651554822921753,,4.413475036621094,4.602218151092529,5.4837646484375,4.683358192443848,7.590660095214844,4.720146656036377,5.36777400970459,4.6089277267456055,4.65950870513916,6.964645385742188,7.110854625701904,5.839313983917236,,,5.968216419219971,5.131996154785156,5.759469509124756,4.547335147857666,5.639588356018066,6.221094608306885,5.207785606384277,4.876084804534912,5.125025272369385,4.572566986083984,,,5.754394054412842,5.7710371017456055,6.964097023010254,3.550609588623047,4.279269695281982,5.914283752441406,,4.313016891479492,5.96287202835083,4.673203945159912,,7.32018518447876,5.995712757110596,4.88515043258667,5.218724250793457,4.969656467437744,,4.438939571380615,,4.233244895935059,7.470715522766113,7.249629974365234,5.4480061531066895,3.798088312149048,5.492954254150391,4.639647483825684,7.678277015686035,,5.131565093994141,6.859835624694824,5.820058345794678,5.824557304382324,5.001965045928955,5.875931739807129,4.993962287902832,6.611298561096191,5.166874885559082,5.6207356452941895,3.333047866821289,6.396359443664551,3.668736934661865,5.154521942138672,,,5.911059379577637,6.062891006469727,,5.057314395904541,5.133887767791748,6.003286838531494,,6.2906904220581055,4.224593162536621,4.646608352661133,4.550499439239502,6.269286632537842,7.560147762298584,7.776208877563477,3.1644911766052246,6.125916957855225,4.49657154083252,4.006897449493408,6.300235271453857,,,4.463531017303467,5.309076309204102,5.463827133178711,4.309237957000732,5.030342102050781,7.217766761779785,6.880784034729004,7.026226997375488,6.449728488922119,6.019331932067871,7.066577434539795,5.53456974029541,4.060600757598877,5.01337480545044,4.955100536346436
2013,3.5721004009246826,4.550647735595703,,3.9371068477630615,6.5822601318359375,4.277191162109375,7.364169120788574,7.498802661895752,5.481178283691406,6.689711093902588,4.660161018371582,5.876466274261475,7.103661060333252,,3.479412794113159,5.569091796875,5.767428874969482,5.123664379119873,4.128298759460449,7.14028263092041,3.993020534515381,3.3259496688842773,,3.674466848373413,4.271038055419922,7.593793869018555,,3.5076630115509038,6.740153789520264,5.241090297698975,6.606550693511963,,3.9549505710601807,4.497477054595947,7.158000469207764,5.885462760925293,,5.438952445983887,6.69765567779541,7.588606834411621,,5.015515327453613,6.0192060470581055,3.5585203170776367,6.325063228607178,5.367445945739746,,4.444827079772949,7.44463586807251,6.667121410369873,3.8002870082855225,,4.348920822143555,6.96512508392334,4.965053081512451,4.720251083374023,5.9846014976501465,3.9017930030822754,,4.621962070465088,4.713358402252197,,4.914466857910156,7.501394271850586,4.427788734436035,5.292237758636475,5.1395792961120605,4.725017070770264,6.760085105895996,7.320563316345215,6.009373664855957,3.739365577697754,5.708886623382568,5.959361553192139,5.171952724456787,5.835483074188232,3.7953832149505615,6.125758171081543,6.4800310134887695,5.402426719665527,,5.069770336151123,4.983288764953613,,,,5.595689296722412,7.130809307098389,3.815607070922852,4.035084247589111,5.770199775695801,,3.6762771606445312,6.379924774169922,4.199015140533447,,7.442546367645264,5.756059169769287,4.912928104400635,5.074341773986816,5.142160415649414,,4.175670623779297,,4.604576587677002,7.406550407409668,7.280151844024658,5.772274971008301,3.71632981300354,4.817868709564209,5.186190605163574,,,5.138082504272461,6.866480350494385,5.9362406730651855,5.782557487487793,4.976925373077393,5.746131896972656,5.157688140869141,,5.081584453582764,5.537177562713623,3.4663877487182617,6.495132923126221,3.647367000579834,5.101840496063232,4.514291286468506,6.533206939697266,5.936527252197266,5.974888801574707,,,3.660727262496948,5.958809852600098,,6.150027275085449,4.364694118499756,4.844027996063232,,,7.434010505676269,,2.6875529289245605,6.340344429016113,4.966521263122559,3.852394819259644,6.231024742126465,,6.1677069664001465,5.245604991912842,4.888177394866943,5.391762733459473,3.7095787525177,4.7108025550842285,6.620951175689697,6.918055057525635,7.249285221099853,6.444464683532715,5.939986228942871,6.552796363830566,5.022698879241943,4.217678546905518,5.243995666503906,4.690187931060791
2014,3.1308956146240234,4.81376314163208,6.354898452758789,3.794837951660156,6.671114444732666,4.453083038330078,7.28855037689209,6.949999809265137,5.251530170440674,6.165133953094482,4.635564804077148,5.812400817871094,6.855329036712647,5.955646514892578,3.347419261932373,4.938578128814697,5.864798545837402,5.2489542961120605,4.03119707107544,6.980998992919922,4.438439846038818,3.4813477993011475,2.9045350551605225,3.883305549621582,4.24044132232666,7.304257869720459,,3.460182905197144,6.84423828125,5.195619106292725,6.448789119720459,,4.056012630462647,4.414299964904785,7.247086048126221,5.380692481994629,,5.627123832702637,6.483729839324951,7.507559299468994,,5.387331962585449,5.945851802825928,4.885072708129883,5.856523513793945,5.55598258972168,,4.506646633148193,7.384571075439453,6.466867923736572,3.9180731773376474,,4.287508010864258,6.9842143058776855,3.860351085662842,4.756237030029297,6.5360307693481445,3.412482500076294,,3.8887784481048575,5.055726051330566,5.458050727844238,5.180563449859619,,4.424379348754883,5.597375392913818,4.682224273681641,4.541502475738525,7.018379211425781,7.400570392608643,6.026585102081299,3.570368528366089,5.310538768768311,5.92262077331543,5.333021640777588,5.970097541809082,4.904579639434815,5.000375270843506,6.18013858795166,5.252192974090576,,5.72911548614502,5.233025550842285,,4.5714192390441895,,6.125723838806152,6.891127109527588,3.675626993179321,4.563080310821533,5.962921619415283,,3.9747142791748047,6.452117919921875,4.482805252075195,5.647779941558838,6.679831027984619,5.91705846786499,4.824834823608398,5.282720565795898,,,4.786247253417969,4.573991298675537,4.975014686584473,7.321188449859619,7.305892467498779,6.275266647338867,4.180943489074707,,5.203825950622559,7.4444708824157715,,5.435657978057861,6.631171226501465,5.11864185333252,5.86581563949585,5.312550067901611,5.750282287597656,5.126911640167236,,5.726893424987793,6.03697681427002,3.595678329467773,6.278378009796143,4.394777297973633,5.112728595733643,4.499970436096191,7.06236457824707,6.138873100280762,5.6783952713012695,5.52827262878418,,4.828456401824951,5.80132532119751,3.8319923877716064,6.456477642059326,4.267932891845703,4.721938133239746,4.138672828674316,,7.239147663116455,7.492803573608398,,6.363496780395508,4.896157741546631,3.483278512954712,6.985463619232178,2.838958740234375,,4.763594627380371,5.579794406890869,5.787379264831543,3.7699191570281982,4.297329902648926,6.539854526519775,6.758147716522217,7.151114463806152,6.56144380569458,6.049212455749512,6.136096477508545,5.084923267364502,3.9679579734802246,4.345837116241455,4.184450626373291
2015,3.982854604721069,4.6066508293151855,,,6.6971306800842285,4.3483195304870605,7.309060573577881,7.076447010040283,5.146774768829346,6.007375240325928,4.633473873138428,5.718907833099365,6.904219150543213,,3.624664306640625,5.082128524780273,5.834329128265381,5.117177963256836,3.761964797973633,6.546896934509277,4.865401268005371,4.4189300537109375,,4.162164688110352,5.037964820861816,7.412772655487059,,4.3226752281188965,6.532749652862549,5.303877830505371,6.387571811676025,,4.690830230712891,3.902741670608521,6.854004383087158,5.205438137054443,,5.43916130065918,6.608017444610596,7.514424800872803,,5.061862468719482,5.964075088500977,4.762538433074951,6.018496036529541,5.628908634185791,,4.573154926300049,7.447925567626953,6.3576250076293945,4.661012649536133,,4.121940612792969,7.037137508392334,3.985916137695313,5.622519016265869,6.464986801147461,3.5046935081481934,,3.5697624683380127,4.8454365730285645,,5.344383239746094,7.49807071685791,4.342079162597656,5.042799949645996,4.749955654144287,4.493377208709717,6.830125331878662,7.079411029815674,5.847683906555176,4.445038795471191,,5.879684448242188,5.404593467712402,5.949995040893555,4.3576178550720215,5.077460765838623,6.146031856536865,4.905375957489014,,5.8805975914001465,5.171971321105957,,2.70159125328064,5.615404605865479,5.71137809753418,6.701571464538574,3.592514038085937,3.867638349533081,6.3221211433410645,,4.582098484039307,6.613394260406494,3.922664165496826,,6.2362871170043945,6.017472267150879,4.982719898223877,5.1249213218688965,5.163156986236572,4.54976749420166,4.223846435546875,,4.812436580657959,7.324437141418457,7.418120861053467,5.924112796783447,3.671453714370728,4.932914733886719,4.975589752197266,7.603433609008789,,4.823194980621338,6.605550289154053,5.5597243309021,5.577263355255127,5.547489166259766,6.007021903991699,5.08086633682251,6.3745293617248535,5.777491092681885,5.995538711547852,3.4831089973449707,6.345491886138916,4.617000579833984,5.317685127258301,4.908617973327637,6.619524955749512,6.162004470825195,5.740642070770264,5.353644847869873,,4.887325763702393,5.780211448669434,4.070771217346191,6.3806633949279785,4.611606597900391,4.695239067077637,,,7.288922309875488,7.572136878967285,3.4619128704071045,6.450088024139404,5.124210834503174,3.660597324371338,6.201762676239014,3.768301963806152,,5.1316118240356445,5.51446533203125,5.791460037231445,4.237686634063721,3.964542865753174,6.568397521972656,6.515445232391357,6.863946914672852,6.628080368041992,5.97236442565918,5.568800449371338,5.076315402984619,2.9826738834381104,4.843164443969727,3.7031912803649902
2016,4.220168590545654,4.511100769042969,5.340853691101074,,6.427221298217773,4.325471878051758,7.250080108642578,7.04807186126709,5.303894996643066,6.169673442840576,4.556140899658203,5.177899360656738,6.948936462402344,,4.007357597351074,,5.769723415374756,5.180865287780762,3.498936653137207,6.374817371368408,4.837560653686523,4.205634593963623,,4.461259365081787,4.816232204437256,7.244845867156982,2.693061113357544,4.029350280761719,6.579056262969971,5.324955940246582,6.233715057373047,,4.11949348449707,4.52193546295166,7.135617733001709,5.41687536239624,,5.794618606567383,6.735627174377441,7.557782649993896,,5.238698482513428,6.1154375076293945,4.556740760803223,6.139824867248535,5.649675369262695,,4.297848701477051,7.659843444824219,6.475208759307861,4.831764221191406,,4.448386192321777,6.873763084411621,4.514411449432373,5.302619457244873,6.358916282653809,3.6028547286987305,,3.35230016708374,5.6481547355651855,5.498420715332031,5.448901653289795,7.510034561157227,4.179177284240723,5.136325359344482,4.652730941772461,4.412537097930908,7.040731430053711,7.159010887145996,5.954524040222168,4.542545795440674,,5.95465087890625,5.271284580230713,5.533551692962647,4.396127700805664,5.759412288665772,5.947194576263428,4.856534004211426,,5.940446376800537,5.270723819732666,3.808204889297485,3.3546760082244877,5.43358325958252,5.8655524253845215,6.96734094619751,3.6630859375,3.4764926433563232,,,4.016027927398682,6.590842247009277,4.47214937210083,5.610003471374512,6.8241729736328125,5.577784061431885,5.056999683380127,5.304066181182861,5.386307239532471,,4.623119831085205,,5.099539756774902,7.540877342224121,7.225687980651855,6.012739658355713,4.234645843505859,5.219567775726318,5.345746040344238,7.596331596374512,,5.548508167266846,6.117638111114502,5.801380157470703,5.700628757476807,5.430832862854004,6.162076473236084,5.446637153625488,,5.968870639801025,5.854945659637451,3.3329899311065674,6.473921298980713,4.594533920288086,5.75275468826294,4.732953071594238,6.033480644226074,5.993163108825684,5.936821460723877,4.667941093444824,,4.769739627838135,5.970564365386963,2.8881123065948486,6.318612098693848,,4.906618118286133,,,7.368744373321533,7.45851993560791,,6.512850761413574,5.1037211418151855,2.9027342796325684,6.073639869689941,3.878578424453736,,4.521453380584717,5.326221942901611,5.887051582336426,4.2332611083984375,4.028690338134766,6.8309502601623535,6.824283599853516,6.803599834442139,6.171485424041748,5.892539024353027,4.041114807128906,5.062267303466797,3.8256309032440186,4.347543716430664,3.7354001998901367
2017,2.6617181301116943,4.639548301696777,5.248912334442139,,6.039330005645752,4.287736415863037,7.25703763961792,7.293727874755859,5.152279376983643,6.227320671081543,4.309771060943604,5.552915096282959,6.928347587585449,,4.853180885314941,,5.650552749633789,5.089902400970459,3.5048811435699463,6.3329291343688965,5.096901893615723,4.646891117095947,,4.585842132568359,5.074051380157471,7.414868354797363,3.4758620262146,4.558937072753906,6.320119380950928,5.099061489105225,6.157341957092285,,4.883991241455078,4.311033248901367,7.225181579589844,5.343165874481201,,6.062051296234131,6.789567947387695,7.59370231628418,,5.605202674865723,5.8395185470581055,3.9293441772460938,6.33931827545166,5.938395977020264,,4.1803154945373535,7.788251876831055,6.635222434997559,4.782382965087891,4.117938995361328,4.450774669647217,7.074324607849121,5.481310844421387,5.1482415199279785,6.325118541717529,4.873722553253174,,3.823865652084351,6.019985675811768,5.362474918365479,6.065038681030273,7.4762139320373535,4.046111106872559,5.098401546478272,4.716783046722412,4.462399005889893,7.060155391693115,7.33103609085083,6.1988701820373535,5.0377349853515625,5.889759063720703,5.9106764793396,4.808082580566406,5.882351398468018,4.475654125213623,6.149199962615967,6.093905448913574,5.6295366287231445,4.623140811920166,5.977817535400391,5.153989791870117,3.795300722122192,4.424490928649902,5.646852493286133,6.272940635681152,7.061380863189697,4.078620433807373,3.416862964630127,,,4.74185037612915,6.675665855407715,4.678159713745117,6.174117565155029,6.410299301147461,5.325530529022217,5.333850383758545,5.614798545837402,5.312482833862305,4.279863357543945,4.154341697692871,4.441306114196777,4.736692428588867,7.458965301513672,7.327182769775391,6.476356506347656,4.615673542022705,5.321928024291992,5.233866691589356,7.578744888305664,,5.830870628356934,6.5676589012146,5.7132954597473145,5.710936546325684,5.5942702293396,6.201268196105957,5.711499214172363,,6.08990478515625,5.578742980957031,3.1083738803863525,6.29428243637085,4.683024883270264,5.122031211853027,4.08956241607666,6.3784379959106445,6.365509033203125,6.166837692260742,,,4.513655185699463,5.873887062072754,2.816622495651245,6.230173110961914,4.330945491790772,4.6281328201293945,,,7.286804676055908,7.473593235015869,,6.359450817108154,5.8292341232299805,3.347121238708496,5.938895225524902,4.360805034637451,6.191859722137451,4.124342918395996,5.607262134552002,5.229148864746094,4.000516891479492,4.3110671043396,7.039419651031494,7.103273391723633,6.991759300231934,6.336009979248047,6.42144775390625,5.070750713348389,5.175278663635254,3.2535600662231445,3.932777404785156,3.6383001804351807
2018,2.694303274154663,5.0044026374816895,5.043086051940918,,5.792796611785889,5.062448501586914,7.176993370056152,7.396001815795898,5.167995452880859,,4.499217033386231,5.23376989364624,6.892171859741211,,5.819827079772949,,5.91573429107666,5.887401103973389,3.4613656997680664,6.190921783447266,5.098813533782959,4.927236080169678,3.775283098220825,5.121837615966797,5.25073766708374,7.175496578216553,,4.486325263977051,6.436220645904541,5.131433963775635,5.9835124015808105,3.972819566726685,5.490214347839356,,7.1410746574401855,5.536271095275879,,6.276443004608154,7.034165382385254,7.648785591125488,,5.433215618133545,6.128010272979736,4.00545072555542,6.241199493408203,6.091302394866943,4.211565017700195,4.379262447357178,7.858107089996338,6.665903568267822,4.783009052276611,4.922099113464356,4.659097194671631,7.118364334106445,5.003693103790283,5.409289360046387,6.626591682434082,5.252226829528809,,3.6149280071258554,5.908423900604248,,5.935770988464356,,3.818068742752075,5.340295791625977,4.278117656707764,4.886400699615479,6.962335586547852,6.927178859710693,6.516526699066162,5.268374919891357,,5.793575286865234,4.6389336585998535,6.007636070251465,4.655702590942383,6.391825675964356,,5.2973833084106445,4.859402179718018,5.901154041290283,5.167186737060547,,4.134852886199951,5.493977546691895,6.3088788986206055,7.242630958557129,4.070586681365967,3.3346335887908936,5.338817596435547,5.197574615478516,4.415729522705078,6.909710884094238,4.313615322113037,5.881740570068359,6.549578666687012,5.682277202606201,5.464622974395752,5.6501898765563965,4.896791934967041,4.653713703155518,4.410633087158203,4.83408784866333,4.910086631774902,7.463097095489502,7.370285987854004,5.818952560424805,5.164007186889648,5.252288341522217,5.239834785461426,7.4442620277404785,,5.471553802490234,6.281434059143066,,5.679661273956299,5.8691725730896,6.111485004425049,5.919822692871094,,6.15087890625,5.513500213623047,3.561046600341797,6.356393337249756,4.7693772315979,5.936493396759033,4.305683135986328,6.374564170837402,6.235110759735107,6.249419212341309,,,4.883922100067139,5.840231418609619,,6.513370990753174,4.435023784637451,4.553921699523926,,,7.374792098999023,7.508586883544922,,6.467004776000977,5.497468948364258,3.44502329826355,6.011561870574951,4.022894859313965,,4.7411322593688965,5.185689449310303,4.620601654052734,4.321714878082275,4.661909103393555,6.603743553161621,7.233445167541504,6.882684707641602,6.3717145919799805,6.205460071563721,5.0056633949279785,5.295547008514404,3.057513952255249,4.041488170623779,3.6164798736572266
2019,2.375091791152954,4.995317935943604,4.744627475738525,,6.08556079864502,5.488086700439453,7.233994960784912,7.195361137390137,5.173389434814453,7.098012447357178,5.1142168045043945,5.821453094482422,6.7721381187438965,,4.97636079788208,,5.6742706298828125,6.015522480010986,3.4710848331451416,6.451148986816406,5.108438014984131,4.740892887115479,,4.998284816741943,4.936737537384033,7.109076499938965,,4.250799179077148,5.94225025177002,5.144120216369629,6.350297927856445,4.608616352081299,5.21262264251709,,6.997618675231934,5.625743865966797,,6.1368327140808105,,7.693003177642822,,6.004237174987793,5.809131145477295,4.327831745147705,6.45482063293457,6.034641265869141,4.396114826202393,4.099555015563965,7.78034782409668,6.68964433670044,4.914393424987793,5.1636271476745605,4.891835689544678,7.035472393035889,4.966809749603272,5.952157497406006,6.2621750831604,4.767684459686279,,,5.930051326751709,5.6593170166015625,6.000259876251221,7.532504558563232,3.248769760131836,5.346512794494629,5.00614595413208,,7.254841327667236,7.331779956817627,6.445416927337647,5.392012119293213,6.309238910675049,5.908039093017578,4.452548027038574,6.272268295288086,4.618850231170654,6.425144195556641,6.106119632720947,5.685220718383789,5.196856021881104,5.969753742218018,4.024219512939453,3.5117805004119877,5.121460914611816,5.330222129821777,6.064097881317139,7.40401554107666,4.33908748626709,3.869123697280884,5.427954196929932,,4.987991809844971,6.732977390289307,4.152619361877441,6.2411651611328125,6.431945323944092,5.803450584411621,5.562905311584473,5.386024951934815,5.056751728057861,4.932132720947266,4.434237480163574,4.4358110427856445,5.448724746704102,7.425268650054932,7.205174446105957,6.112545013427734,5.003544330596924,4.266484260559082,5.015485286712647,7.442139625549316,,4.442717552185059,6.0859551429748535,5.652625560760498,5.9993815422058105,6.267745018005371,6.242094039916992,6.095473289489746,,6.129942417144775,5.440523624420166,3.268152236938477,6.5612473487854,5.488736629486084,6.24140739440918,3.447381496429444,6.378359794616699,6.243428707122803,6.665273666381836,,,5.034863471984863,5.9028167724609375,,6.457449436187744,4.21329927444458,4.482537269592285,,,7.398092746734619,7.694221019744873,,6.537089824676514,5.464015483856201,3.640154838562012,6.022151470184326,4.1794939041137695,,4.315479755401611,4.872073650360107,5.474299907684326,4.948051452636719,4.701762199401856,6.710782527923584,7.157151222229004,6.943701267242432,6.600337028503418,6.154049396514893,5.080803394317627,5.467451095581055,4.19691276550293,3.3067965507507324,2.6935231685638428
2020,,5.364909648895264,5.437755107879639,,5.900567054748535,,7.1373677253723145,7.213489055633545,,6.173175811767578,5.27998685836792,,6.838760852813721,,4.407745838165283,,5.559258937835693,5.51581621170044,,6.109717845916748,5.597723007202148,4.639639854431152,,4.3769850730896,5.241077899932861,7.024904727935791,,,6.1506428718566895,5.771064758300781,5.709175109863281,,5.079139232635498,,6.338472366333008,6.507992267608643,,6.259810447692871,6.897091388702393,7.514631271362305,,5.168409824371338,5.354461669921875,4.4723968505859375,5.461926937103272,6.452563762664795,,4.549219608306885,7.889349937438965,6.714111804962158,4.886549949645996,,5.123143196105957,7.311897754669189,5.319483280181885,5.787615776062012,,4.972168445587158,,,,5.295341491699219,6.038049697875977,7.575489521026611,4.223865509033203,4.828147411346436,4.864528179168701,4.785165309906006,7.03493070602417,7.194928169250488,6.488356113433838,5.256503582000732,5.424990653991699,6.1179633140563965,4.093991756439209,6.168269157409668,4.546584129333496,6.294414043426514,,6.24958610534668,5.284390926361084,6.229008674621582,2.633752584457397,,,,6.391378879547119,,,,6.014198780059815,,4.269473552703857,6.156822681427002,,6.015300273895264,5.964221000671387,5.811628818511963,6.011364936828613,5.72216272354126,4.80261754989624,,4.431364059448242,4.451010227203369,5.982410430908203,7.504447937011719,7.257381916046143,6.286890029907227,,5.50294828414917,5.053664207458496,7.290032386779785,,4.623969078063965,,5.501248836517334,4.994379043579102,5.079585075378418,6.139455318450928,5.767792224884033,,6.785142421722412,5.495288848876953,,6.559588432312012,4.756773471832275,6.04154634475708,,,6.519098281860352,6.462076187133789,,,4.946800708770752,5.79269552230835,,6.502175331115723,4.778489112854004,,,,7.314341068267822,7.508435249328613,,6.751067638397217,5.373398780822754,3.785684108734131,5.884544372558594,,,4.73081111907959,4.861554145812988,,4.640909671783447,5.269675731658936,6.458392143249512,6.798177242279053,7.028088092803955,6.309681415557861,5.841929912567139,4.573829650878906,5.462341785430908,,4.837992191314697,3.159802198410034
2021,2.4360344409942627,5.255481719970703,5.217017650604248,,5.908278942108154,5.300568580627441,7.111598968505859,7.079640865325928,,,4.123318672180176,,6.88175630569458,,4.493431091308594,,5.568624019622803,5.748823165893555,,6.009953498840332,5.421693325042725,4.6355085372924805,,4.555141448974609,4.962747573852539,6.9394354820251465,,,6.435630798339844,5.8628644943237305,5.289958477020264,,4.920531272888184,,6.408448219299316,6.286790370941162,,6.26920223236084,6.9424967765808105,7.698747158050537,,6.030537128448486,5.434872150421143,4.025747776031494,6.4314470291137695,6.553915500640869,,,7.79437780380249,6.656206607818604,5.075422286987305,,4.91127347946167,6.754523754119873,4.377950668334961,6.104214191436768,,4.944539546966553,,,6.113636016845703,5.3215508460998535,6.226647853851318,7.564624786376953,3.558253765106201,5.433173179626465,4.787814140319824,5.093667984008789,6.827651977539063,7.57752799987793,6.466744899749756,5.055806636810303,5.813733577728272,6.091324806213379,3.909149169921875,6.259634017944336,4.464540958404541,6.648499488830566,,5.563699722290039,4.9265217781066895,6.353090763092041,2.178809404373169,,,,6.864572525024414,,,3.6352832317352295,6.010391712188721,,4.113095760345459,6.44371509552002,,5.949120044708252,5.990750789642334,5.959048748016357,5.721034049987793,,5.326248645782471,5.1784868240356445,4.314039707183838,4.491207122802734,4.622300148010254,7.314151287078857,7.136700630187988,6.095348834991455,,4.4792656898498535,5.534749984741211,7.361573696136475,,4.486834526062012,6.552778720855713,5.575535297393799,5.694317817687988,5.965057849884033,5.978068828582764,6.183014392852783,,6.548725605010986,5.448261260986328,,6.445294380187988,4.902830600738525,6.245267391204834,3.71429443359375,6.586717128753662,6.418503761291504,6.761220932006836,,,5.598653793334961,6.11274528503418,,6.469611167907715,4.103446960449219,,,,7.439280033111572,7.327672481536865,,6.246744155883789,5.2868242263793945,3.680567979812622,5.638096809387207,4.036543846130371,,4.499485969543457,4.366639614105225,,4.224533557891846,5.311355113983154,6.733067512512207,6.86696195602417,6.95908784866333,6.501700401306152,6.18530797958374,5.107553005218506,5.540249824523926,,3.0821549892425537,3.15457820892334
2022,1.2812711000442505,5.212213039398193,,,6.260993480682373,5.3819427490234375,7.034696102142334,6.998997211456299,,,3.407532215118408,,6.856874465942383,,4.217325687408447,,5.928882122039795,,3.435275077819824,6.257079601287842,5.3783488273620605,,,4.250280857086182,4.712408065795898,6.917935371398926,,4.396646022796631,6.415198802947998,,5.891712188720703,3.545203685760498,5.8049187660217285,3.2071967124938965,7.076658248901367,5.578691482543945,,5.8647565841674805,6.695077419281006,7.544964790344238,,5.518415927886963,5.887132167816162,4.023561000823975,6.492156028747559,6.357114315032959,,3.628071546554565,7.728998184204102,6.61380672454834,5.139500617980957,4.279441356658936,5.292755126953125,6.608206748962402,4.190854549407959,5.900459289550781,6.150331497192383,5.317492961883545,,,5.9318037033081055,,5.861183166503906,7.448794364929199,3.929816246032715,5.584685802459717,4.976995468139648,,6.869863986968994,7.662397384643555,6.258476734161377,4.8486738204956055,5.870189189910889,6.178009986877441,4.355606555938721,6.006279468536377,4.447946548461914,6.159853458404541,,5.667840957641602,,6.054838180541992,2.35242772102356,,4.04226016998291,,7.037577152252197,7.227934837341309,4.019134044647217,3.3555634021759038,,,4.210547924041748,6.299238204956055,4.723868846893311,5.740500926971436,7.038368701934815,5.686611652374268,5.787830352783203,,4.59609317779541,4.739677429199219,,4.948962688446045,5.474175930023193,7.389636039733887,6.974986553192139,6.392257690429688,4.501331329345703,,5.166881561279297,7.294604301452637,,,5.979382038116455,6.1376118659973145,5.892068862915039,,6.66626501083374,5.952542781829834,,6.436973571777344,6.04407262802124,,6.38161039352417,4.906819820404053,,2.560429573059082,,,6.723397731781006,,,,5.950013637542725,,6.336902141571045,,4.907760143280029,,,7.431214332580566,6.883844375610352,,6.607147216796875,,3.615845203399658,6.00711727142334,4.238982200622559,,4.260868072509766,,,,4.637436389923096,6.737605571746826,6.721779823303223,6.6927900314331055,6.6708526611328125,6.016238689422607,5.9489922523498535,6.26650857925415,,,3.29621958732605
