"code","iso","country","COE.raw.2003","COE.raw.2004","COE.raw.2005","COE.raw.2006","COE.raw.2007","COE.raw.2008","COE.raw.2009","COE.raw.2010","COE.raw.2011","COE.raw.2012","COE.raw.2013","COE.raw.2014","COE.raw.2015","COE.raw.2016","COE.raw.2017","COE.raw.2018","COE.raw.2019"
4,"AFG","Afghanistan",0.183874335,0.177811245,0.189803334,0.185756236,0.193084227,0.184432704,0.183664791,0.180914231,0.175487183,0.195268631,0.189892712,0.183810616,0.188489486,0.190930845,0.195363841,0.183299554,0.198343095
8,"ALB","Albania",0.196819358,0.177135536,0.181439889,0.175444469,0.200594123,0.164149419,0.156721072,0.155990087,0.169202038,0.179713962,0.15065421,0.146205463,0.156163653,0.142974826,0.149149628,0.139311993,0.135896101
12,"DZA","Algeria",0.17095284,0.169042298,0.171724524,0.172687171,0.188770147,0.168826195,0.168440842,0.167742145,0.177792872,0.226885086,0.175587316,0.194813461,0.211894881,0.216244234,0.225640967,0.203819738,0.209900146
20,"AND","Andorra",0.199237965,0.184753349,0.181995638,0.179776867,0.17694273,0.168434832,0.161108476,0.160728489,0.158807956,0.160809662,0.154779973,0.151229719,0.15467979,0.151258442,0.151722962,0.146827911,0.144228032
24,"AGO","Angola",0.30500125,0.305631138,0.307262241,0.292938338,0.305754804,0.298551114,0.279678113,0.295971174,0.30697677,0.270720576,0.275154665,0.251493,0.283500499,0.279630354,0.240480162,0.234622889,0.254906549
660,"AIA","Anguilla",0.094625079,0.089319124,0.090502785,0.089350178,0.086626132,0.085007519,0.079780303,0.084847215,0.07960178,0.081986965,0.080154216,0.076639702,0.078439207,0.077701998,0.077167881,0.075369099,0.073464628
28,"ATG","Antigua and Barbuda",0.10968601,0.089303208,0.092384835,0.108100469,0.09058612,0.085248283,0.084355272,0.090783535,0.080758576,0.082621304,0.080975334,0.077459373,0.080024744,0.079523898,0.077454765,0.076052151,0.073961947
32,"ARG","Argentina",0.14640096,0.134546462,0.130186409,0.139560387,0.144497647,0.138692674,0.128290622,0.123369372,0.11930421,0.128349238,0.125068427,0.118744049,0.122199996,0.117881371,0.120633753,0.119175867,0.123670177
51,"ARM","Armenia",0.174514563,0.166088271,0.169227082,0.16692216,0.164244684,0.159608746,0.151634889,0.161319089,0.153843967,0.161216733,0.155925155,0.153803218,0.157901385,0.161880709,0.163020908,0.154124081,0.160551011
533,"ABW","Aruba",0.093179055,0.08970799,0.094496897,0.087355054,0.089860428,0.084601431,0.080747679,0.089944842,0.08484888,0.083884633,0.084698043,0.079318333,0.083698831,0.085384314,0.088207596,0.081371784,0.082268008
36,"AUS","Australia",0.11700859,0.108941706,0.108451698,0.110413059,0.101724241,0.091061774,0.094740489,0.090586083,0.089091753,0.087180019,0.092699799,0.088096139,0.08797462,0.087640756,0.0838975,0.082529674,0.138702287
40,"AUT","Austria",0.245982939,0.222170612,0.221704342,0.218983859,0.204080968,0.198940619,0.195194786,0.199540359,0.191449292,0.184466041,0.18592814,0.183909926,0.186458793,0.176166728,0.172641311,0.168216652,0.161532876
31,"AZE","Azerbaijan",0.162809938,0.155876224,0.155271992,0.156189971,0.153244261,0.145474242,0.142294818,0.155729741,0.144387159,0.151711479,0.145167714,0.142002831,0.147442595,0.14281393,0.14295614,0.138202616,0.141603138
44,"BHS","Bahamas",0.108875901,0.107835238,0.107685223,0.106721892,0.104221588,0.09853504,0.092878403,0.101727767,0.097132364,0.095564304,0.091859482,0.092993831,0.090264583,0.093706289,0.088399313,0.084062421,0.082649117
48,"BHR","Bahrain",0.21906979,0.222155488,0.223123501,0.225774297,0.233260714,0.216148038,0.203687611,0.240549485,0.208703704,0.220561867,0.217406529,0.217510054,0.223664608,0.2366468,0.256855709,0.244641569,0.242437058
50,"BGD","Bangladesh",0.608519741,0.583779388,0.578246638,0.644906954,0.635472799,0.631083288,0.689169474,0.61723098,0.671046823,0.669895189,0.657703139,0.707356582,0.693170292,0.698953332,0.645852804,0.735738248,0.701320834
52,"BRB","Barbados",0.091092005,0.086667965,0.087728989,0.085381353,0.086384027,0.082229907,0.078389086,0.08191312,0.079863915,0.080154847,0.080050544,0.076959855,0.080015264,0.078854815,0.078353187,0.076235863,0.074909329
112,"BLR","Belarus",0.16960585,0.159222956,0.158342819,0.160442133,0.152287119,0.145215908,0.143750735,0.157114403,0.142372093,0.145047158,0.142605385,0.142165451,0.142725589,0.139483691,0.134313536,0.135461756,0.13373544
56,"BEL","Belgium",0.291278319,0.255764618,0.246043773,0.23445868,0.226183466,0.213738597,0.206783288,0.211998191,0.202386576,0.195150576,0.196412134,0.186938614,0.179099468,0.179753813,0.175740187,0.166392244,0.157102356
84,"BLZ","Belize",0.136772506,0.111719091,0.146316386,0.110578087,0.120076052,0.109348959,0.10654732,0.118127672,0.119938807,0.107638481,0.116585028,0.107267021,0.107700957,0.111109063,0.1113915,0.099892269,0.108259455
204,"BEN","Benin",0.225679521,0.248418475,0.235112896,0.224966871,0.257625038,0.260175899,0.228813198,0.229166707,0.236208606,0.231461207,0.243875652,0.233106724,0.256794554,0.258788026,0.268386185,0.258560018,0.26122464
60,"BMU","Bermuda",0.119138404,0.113051543,0.112382852,0.11077024,0.110466335,0.104235842,0.096075964,0.106792981,0.098751326,0.100213361,0.096843228,0.096234697,0.095891839,0.095221125,0.092489242,0.090691771,0.088503751
64,"BTN","Bhutan",0.415369157,0.403459181,0.414342153,0.437681525,0.431432271,0.426334483,0.485394026,0.447592544,0.454526627,0.469088363,0.437462546,0.489765323,0.454378647,0.454759385,0.44311254,0.466186231,0.440378274
68,"BOL","Bolivia",0.179564363,0.199402399,0.190936558,0.167258694,0.198312158,0.161942651,0.141704326,0.207562845,0.164719825,0.145540223,0.136387208,0.138651875,0.149775192,0.170597866,0.156344491,0.14160977,0.161268895
70,"BIH","Bosnia and Herzegovina",0.215732516,0.194748928,0.201159337,0.190554729,0.189872703,0.177619641,0.173108116,0.170954353,0.176096917,0.178698827,0.162632646,0.159456817,0.166825481,0.157919142,0.163142751,0.152408168,0.148627646
72,"BWA","Botswana",0.124403785,0.118316051,0.133690804,0.126016954,0.130472377,0.151879243,0.123292625,0.176845232,0.155925757,0.132836792,0.125037183,0.122211551,0.131353974,0.128225459,0.131572524,0.133068249,0.131159261
76,"BRA","Brazil",0.174864528,0.16898412,0.171131627,0.164961128,0.172053706,0.152215884,0.145563948,0.16145948,0.146644324,0.149538904,0.139373945,0.147607983,0.158031449,0.151492237,0.150314201,0.14740961,0.156355143
92,"VGB","British Virgin Islands",0.094199394,0.089419499,0.090383133,0.088952452,0.08680699,0.085034844,0.079751747,0.085704077,0.079673639,0.08213274,0.080215795,0.07672444,0.078397979,0.077755231,0.077042893,0.075391184,0.073503448
96,"BRN","Brunei Darussalam",0.278868011,0.221335462,0.343921101,0.250958459,0.189081573,0.16941046,0.574211784,0.229533799,0.328645597,0.311177203,0.229991826,0.224579624,0.309279836,0.294966057,0.153172363,0.247163654,0.356383236
100,"BGR","Bulgaria",0.21763794,0.208583932,0.206755094,0.203911667,0.194810357,0.18907091,0.180971766,0.183609801,0.184459506,0.181000761,0.172385133,0.167614764,0.1716988,0.16731069,0.165929795,0.1593532,0.15903477
854,"BFA","Burkina Faso",0.182333095,0.197927843,0.185523314,0.173121465,0.175772522,0.169927899,0.17575203,0.187964442,0.180447583,0.169986316,0.18138598,0.182587399,0.17400112,0.187758841,0.191856294,0.187540469,0.183547668
108,"BDI","Burundi",0.419280925,0.408409961,0.408822467,0.384544834,0.428497218,0.408257038,0.406481021,0.425284896,0.420257313,0.442114128,0.436961069,0.437610997,0.450095609,0.438533097,0.398697749,0.43345115,0.40619858
132,"CPV","Cabo Verde",0.108515377,0.101550658,0.102728673,0.100035612,0.10174592,0.096936969,0.090431702,0.093764328,0.093271832,0.094638898,0.092666396,0.089214281,0.093564226,0.092087131,0.087252091,0.086728673,0.08642077
116,"KHM","Cambodia",0.245715105,0.268154932,0.254095536,0.228401204,0.22767536,0.229636413,0.246874389,0.245957376,0.251734753,0.236050031,0.258167041,0.247179876,0.259005801,0.261615746,0.210843224,0.227631166,0.222957632
120,"CMR","Cameroon",0.253759257,0.265789273,0.255325696,0.241099113,0.253624338,0.253070954,0.232955183,0.243319096,0.241075646,0.229542559,0.247147472,0.239699517,0.251077255,0.271173313,0.262880695,0.259864268,0.262585244
124,"CAN","Canada",0.240437458,0.207091628,0.207183759,0.197194009,0.187902128,0.181669034,0.167958413,0.17502491,0.167230595,0.173345033,0.166550664,0.163622731,0.170340123,0.156310697,0.160487222,0.158666349,0.150512064
136,"CYM","Cayman Islands",0.107047622,0.10603166,0.103406306,0.101626271,0.100563758,0.096108767,0.093544029,0.101545709,0.095620321,0.094636952,0.093373229,0.093313057,0.094806529,0.094583336,0.087700761,0.085647971,0.084102902
140,"CAF","Central African Republic",0.375523325,0.374448837,0.370211391,0.354796133,0.346928847,0.371864031,0.329887963,0.337504803,0.351606406,0.30059727,0.315926536,0.332166857,0.328910232,0.33692195,0.304915105,0.343126422,0.304776577
148,"TCD","Chad",0.211210846,0.229513182,0.211629712,0.209191529,0.204425021,0.194609855,0.184107554,0.189002917,0.18668371,0.184877298,0.19618916,0.179535879,0.174340665,0.19008951,0.178201191,0.184662969,0.175395445
152,"CHL","Chile",0.387450487,0.37377973,0.362099341,0.366352882,0.379408888,0.386925713,0.362944326,0.379627496,0.38236658,0.364975604,0.386448149,0.391523334,0.374991678,0.408409448,0.429742799,0.396084556,0.398336735
156,"CHN","China",0.647950047,0.64248173,0.639748973,0.671730746,0.696505535,0.687930987,0.69568642,0.673202036,0.689852495,0.684705021,0.703810497,0.703644534,0.704168181,0.68897673,0.689349448,0.693456622,0.714259132
170,"COL","Colombia",0.208649883,0.196846241,0.192251572,0.184953541,0.198933461,0.180492904,0.184370224,0.196169296,0.171101219,0.185084959,0.18799255,0.192582793,0.201712357,0.208736403,0.190770291,0.194531201,0.203316906
174,"COM","Comoros",0.08719677,0.085142896,0.087757963,0.088179998,0.093475252,0.083543241,0.0789653,0.083170954,0.083225025,0.083627268,0.082374353,0.083053338,0.088524941,0.083236151,0.082614437,0.08166971,0.077971177
184,"COK","Cook Islands",0.059756333,0.058554095,0.057884904,0.056303437,0.058258699,0.05341817,0.050410249,0.051857152,0.049531338,0.050904363,0.047956152,0.048062311,0.04947507,0.048104685,0.052248058,0.051418992,0.050641185
188,"CRI","Costa Rica",0.127556266,0.122141732,0.127346841,0.121672243,0.125302281,0.11753735,0.11585134,0.125185893,0.118182899,0.122597233,0.122767681,0.117787367,0.121028532,0.12497001,0.122972597,0.121695551,0.118560389
384,"CIV","Cote d'Ivoire",0.206508374,0.195455401,0.197548867,0.189329369,0.20593883,0.215012956,0.201403929,0.190133029,0.203053828,0.190775366,0.196463539,0.180661148,0.205875678,0.21359687,0.207864682,0.198707613,0.202019334
191,"HRV","Croatia",0.257247366,0.234887456,0.240931561,0.226297407,0.222617066,0.211802154,0.200013265,0.19985988,0.207348012,0.199681006,0.192331433,0.184820512,0.200033197,0.187763684,0.184834943,0.176138312,0.170199209
192,"CUB","Cuba",0.122888509,0.122037794,0.120984309,0.118724829,0.117096993,0.110408792,0.108053774,0.113128513,0.110693221,0.108016023,0.106824861,0.105726493,0.106743768,0.105788862,0.10261438,0.098492301,0.098470632
531,"CUW","Curacao",0.094579413,0.091334798,0.097156974,0.088867589,0.091655702,0.086478449,0.081734699,0.093132363,0.087095991,0.085342556,0.086424627,0.080340954,0.084979236,0.087453436,0.085998569,0.079734339,0.082354787
196,"CYP","Cyprus",0.164072441,0.150874984,0.151402439,0.145616246,0.147727785,0.142499749,0.134687231,0.146397661,0.13465586,0.139901673,0.141116164,0.129771608,0.134335748,0.136200738,0.128272586,0.124131766,0.120968988
203,"CZE","Czech Republic",0.269709535,0.242024237,0.251305435,0.250062918,0.220853782,0.21825483,0.218652883,0.225309056,0.212793467,0.201871299,0.202422862,0.204065408,0.19802606,0.193893084,0.188750328,0.180000542,0.177453892
180,"COD","Dem. Rep. Congo",0.339453823,0.359307812,0.371555205,0.354266279,0.358571128,0.367425387,0.36185744,0.375602879,0.381569114,0.36815883,0.38459239,0.372880529,0.401784919,0.387296708,0.329569517,0.361249504,0.353338417
208,"DNK","Denmark",0.187998774,0.161596888,0.161678839,0.165155395,0.153145044,0.147680789,0.144577445,0.147676486,0.14084603,0.14200666,0.137465824,0.142830901,0.135083019,0.134145307,0.1274444,0.131082334,0.126062652
262,"DJI","Djibouti",0.123818708,0.126121689,0.12178295,0.12116438,0.126029443,0.120189348,0.115577073,0.121455121,0.128076954,0.121948776,0.122560607,0.117006459,0.122164233,0.125701411,0.15160955,0.141495879,0.140947551
212,"DMA","Dominica",0.094859717,0.089161595,0.09185847,0.089305012,0.088426516,0.085127821,0.080082171,0.085058349,0.081893162,0.082586461,0.081703676,0.077947798,0.080999622,0.081205617,0.078463839,0.076547362,0.074931706
214,"DOM","Dominican Republic",0.155425613,0.153272036,0.168276391,0.159322514,0.157205412,0.143251762,0.133569559,0.147054574,0.139096558,0.140150094,0.133984575,0.133412997,0.131122371,0.134748579,0.135525054,0.128914224,0.133034103
218,"ECU","Ecuador",0.181582279,0.174534334,0.182168593,0.164978209,0.182874774,0.16394176,0.168241089,0.176837006,0.162407019,0.165933033,0.171416873,0.167767211,0.180252735,0.189376938,0.175387568,0.173979036,0.17905837
818,"EGY","Egypt",0.311569844,0.301462622,0.313853623,0.318556466,0.313495732,0.308707872,0.310961414,0.324223577,0.301408999,0.310755626,0.333394152,0.347436945,0.327722047,0.335367607,0.346511647,0.342315141,0.346349392
222,"SLV","El Salvador",0.209123533,0.212031251,0.2182929,0.203064399,0.211013852,0.191703678,0.210518675,0.204310257,0.204578488,0.211560161,0.211029998,0.212331591,0.215496086,0.220083387,0.208602246,0.211556901,0.222764493
226,"GNQ","Equatorial Guinea",0.147766147,0.158402688,0.160053664,0.150452402,0.152129332,0.162234036,0.147488215,0.159027245,0.156895096,0.144144865,0.158671592,0.151832084,0.17280917,0.174330138,0.175002618,0.172943157,0.177020829
232,"ERI","Eritrea",0.146707651,0.148428746,0.146860429,0.147543222,0.150279772,0.148746945,0.139421823,0.147740902,0.145395538,0.147682272,0.148858505,0.145796694,0.143061467,0.147108288,0.200783036,0.198002785,0.209992076
233,"EST","Estonia",0.187550303,0.177880503,0.175864733,0.180983118,0.173472787,0.161555705,0.160321646,0.17313813,0.158260718,0.160606027,0.158667206,0.159238483,0.151172947,0.152157042,0.142407112,0.147247725,0.14266544
748,"SWZ","Eswatini",0.207404447,0.214856487,0.233442998,0.215239097,0.271746268,0.236649019,0.211981818,0.242917662,0.228395494,0.227587166,0.233582816,0.250723624,0.242712827,0.22433308,0.231634771,0.244889717,0.251385623
231,"ETH","Ethiopia",0.272616541,0.27221569,0.279568765,0.268858017,0.276345337,0.27240628,0.266553419,0.279758389,0.276899033,0.279947325,0.285599756,0.282072821,0.283855337,0.289407386,0.290123559,0.288980941,0.287389941
234,"FRO","Faeroe Islands",0.137255372,0.12089938,0.118467982,0.121889203,0.116801074,0.116580497,0.108158728,0.114590247,0.109757936,0.115071371,0.110810907,0.112410922,0.108792454,0.105179142,0.104293025,0.106079945,0.104382362
238,"FLK","Falkland Islands",0.061832919,0.064773059,0.062428934,0.062279195,0.061564329,0.059197072,0.053516829,0.057476337,0.056705015,0.057808408,0.053758852,0.052756083,0.053927583,0.054877282,0.054007466,0.05374895,0.053296117
242,"FJI","Fiji",0.069618565,0.065106082,0.067163193,0.063732934,0.066523595,0.061990279,0.057910892,0.0619934,0.058595889,0.058609664,0.057125451,0.060580618,0.058333017,0.060012867,0.060063346,0.059583104,0.058721455
246,"FIN","Finland",0.173004497,0.162122845,0.160381657,0.162877161,0.152490421,0.148233528,0.142484509,0.150789419,0.142011206,0.144217644,0.138463532,0.141141463,0.134969594,0.134880187,0.127270744,0.132832122,0.127750102
250,"FRA","France",0.253189452,0.22636577,0.220298426,0.217403284,0.210887284,0.19654356,0.186706499,0.187751834,0.185047959,0.180051947,0.177197304,0.172468275,0.170739693,0.16902954,0.163275419,0.154719353,0.149522546
258,"PYF","French Polynesia",0.062476843,0.059208014,0.059587238,0.056626409,0.058773132,0.054349267,0.050499403,0.052319301,0.04996368,0.051302746,0.049533395,0.048461098,0.050259802,0.049836345,0.052267676,0.051447115,0.050262141
266,"GAB","Gabon",0.165747451,0.179273159,0.180496992,0.173176574,0.171746026,0.186712351,0.175150476,0.18662566,0.186507223,0.169389522,0.186539231,0.176828063,0.196083147,0.200163284,0.192538356,0.192992864,0.200157601
270,"GMB","Gambia",0.157457499,0.167110575,0.168806052,0.168567487,0.174195271,0.1814675,0.162630275,0.188508192,0.170324673,0.160728839,0.170856801,0.160362575,0.170069339,0.179373192,0.172915037,0.170875552,0.174622331
268,"GEO","Georgia",0.163388546,0.154465485,0.153261535,0.154605874,0.154199395,0.143851372,0.137779487,0.149014435,0.143419973,0.144733675,0.138573256,0.136339017,0.139976238,0.135333343,0.137910618,0.133148062,0.134877815
276,"DEU","Germany",0.254125896,0.224802776,0.223699885,0.217815211,0.2014408,0.195714118,0.191103922,0.195432842,0.188129526,0.179962206,0.176065841,0.178595381,0.173439511,0.168054481,0.165644612,0.158383266,0.150969142
288,"GHA","Ghana",0.22638468,0.23010721,0.238592251,0.213427697,0.248022057,0.257566673,0.219375526,0.225044993,0.240808551,0.215746178,0.232097824,0.214425565,0.256247363,0.269744366,0.261195083,0.248308071,0.242346277
300,"GRC","Greece",0.200226803,0.187572404,0.184371796,0.182860673,0.20375318,0.171010485,0.164294387,0.167241724,0.16254335,0.166622577,0.157300463,0.153855013,0.157897737,0.154383684,0.148833474,0.143745787,0.140648109
304,"GRL","Greenland",0.127085605,0.113126686,0.114118296,0.112339108,0.111558971,0.10967388,0.101938937,0.106735657,0.104337463,0.111414907,0.106895746,0.108104215,0.10494048,0.101923567,0.101324271,0.10219904,0.099407313
308,"GRD","Grenada",0.089890852,0.08622497,0.087482887,0.084822371,0.08604505,0.082146153,0.078421423,0.08270267,0.079995587,0.079815332,0.07999069,0.07674317,0.08021799,0.078645719,0.078680169,0.076330484,0.076707607
320,"GTM","Guatemala",0.273391317,0.232568879,0.276151917,0.242489687,0.253599406,0.229542923,0.243949083,0.248772267,0.248714277,0.243630013,0.249074874,0.233464005,0.234451855,0.24557089,0.24179051,0.227519948,0.243540867
831,"GGY","Guernsey",0.17691323,0.146639145,0.147682895,0.148967301,0.146018326,0.139182504,0.12570258,0.132962049,0.134053196,0.130607144,0.127188314,0.127665873,0.124693724,0.124704579,0.115318984,0.12035325,0.116054427
324,"GIN","Guinea",0.288493347,0.308468468,0.278035948,0.295124512,0.328727104,0.30167425,0.346645289,0.278659858,0.297446246,0.309235146,0.289583567,0.302718061,0.322238682,0.360580917,0.30219203,0.265496572,0.284281143
624,"GNB","Guinea-Bissau",0.191122093,0.18986954,0.185150699,0.184840167,0.20845982,0.195864305,0.192442359,0.197623448,0.195059883,0.183391406,0.188782254,0.181224622,0.193308927,0.207493761,0.178579965,0.184210102,0.186280002
328,"GUY","Guyana",0.099895469,0.094465682,0.097444022,0.093775888,0.096334829,0.09165979,0.092602178,0.097758211,0.092163655,0.090307528,0.090310413,0.089075353,0.096102351,0.093660431,0.09011003,0.088442929,0.090680935
332,"HTI","Haiti",0.172181089,0.170007352,0.172495003,0.177865832,0.173760063,0.168844472,0.164853846,0.166995776,0.169635609,0.165867054,0.16601017,0.158355765,0.159926515,0.162782088,0.155015026,0.149651182,0.155118484
336,"VAT","Holy See",0.136904941,0.124976308,0.120952691,0.120350151,0.120706495,0.120063854,0.10701659,0.130201088,0.118674658,0.121869381,0.116672003,0.150479783,0.115657464,0.11045781,0.1495543,0.109204585,0.107985974
340,"HND","Honduras",0.181510128,0.147648053,0.190545066,0.158000784,0.162658823,0.152584647,0.155425059,0.15279661,0.171398113,0.146452475,0.164743709,0.155526259,0.151816215,0.166066492,0.152719862,0.152169531,0.162538395
344,"HKG","Hong Kong",0.671209018,0.751356687,0.651695122,0.775337385,0.791222633,0.815588375,0.852737056,0.779255117,0.810753992,0.76160006,0.806189328,0.823418988,0.826022029,0.817045614,0.702955509,0.762614466,0.773905334
348,"HUN","Hungary",0.242608789,0.213534896,0.223174692,0.217167815,0.202226715,0.194824245,0.19117078,0.191853497,0.1914179,0.185452655,0.180798823,0.178678957,0.183288443,0.172759763,0.17075979,0.165243194,0.16088
352,"ISL","Iceland",0.138375815,0.123801567,0.122499245,0.121388593,0.119126703,0.118897705,0.11144625,0.11725523,0.11192634,0.117994595,0.113219044,0.115216534,0.111020378,0.109311954,0.106191513,0.106898807,0.10622842
356,"IND","India",0.632983358,0.651811088,0.620063216,0.640685906,0.652661679,0.686162417,0.657914703,0.675457873,0.701647843,0.674636955,0.680875654,0.700919354,0.728253346,0.752006656,0.731298566,0.758780144,0.72191899
360,"IDN","Indonesia",0.445344304,0.497557919,0.502223319,0.506434221,0.418076947,0.407694129,0.454462781,0.396536407,0.393571229,0.404196067,0.374947435,0.466639243,0.539500923,0.358063411,0.267174286,0.26623112,0.330748254
364,"IRN","Iran",0.250455162,0.25341085,0.260012964,0.257920881,0.27157004,0.269440227,0.268723752,0.289689847,0.297000084,0.309485901,0.309753178,0.327148482,0.337550217,0.345097261,0.387706335,0.374796558,0.408688479
368,"IRQ","Iraq",0.241890491,0.240802632,0.242187908,0.237362661,0.243891012,0.243917505,0.244650172,0.262905598,0.252968553,0.271487128,0.278804265,0.279307794,0.295373575,0.301937151,0.308487067,0.297556005,0.316065306
372,"IRL","Ireland",0.156705036,0.132555574,0.133491162,0.135444455,0.13260101,0.129122623,0.117680143,0.130435364,0.120084795,0.123877963,0.122738362,0.119409899,0.118361892,0.116604462,0.111213607,0.114049097,0.112086768
833,"IMN","Isle of Man",0.173680918,0.142984871,0.142397007,0.147146261,0.140868921,0.137648998,0.125639049,0.138806215,0.129785908,0.131923816,0.129716301,0.127748591,0.123758424,0.123575501,0.113660364,0.118876559,0.11612106
376,"ISR","Israel",0.288233032,0.284369579,0.291813353,0.29197787,0.305792784,0.309743113,0.313642783,0.361552006,0.313780787,0.342119847,0.351592102,0.371788021,0.379885597,0.391175853,0.350436151,0.363015471,0.356192738
380,"ITA","Italy",0.321449234,0.297847287,0.285983281,0.285288464,0.272995621,0.250795887,0.240116652,0.230278513,0.244035924,0.234259159,0.222585127,0.217762111,0.226055117,0.208862114,0.207854447,0.182723124,0.17502529
388,"JAM","Jamaica",0.142225864,0.145812692,0.150219314,0.140869635,0.141317493,0.133621305,0.132645921,0.146668316,0.137390396,0.134475275,0.135413615,0.134257669,0.135369669,0.143688301,0.126768006,0.11918041,0.121403755
392,"JPN","Japan",0.28576957,0.248583057,0.23917575,0.235626263,0.230297627,0.231701031,0.216561011,0.205738486,0.19639216,0.19354931,0.194355291,0.198605645,0.190131306,0.179912534,0.171005087,0.168767319,0.165884678
832,"JEY","Jersey",0.187009651,0.156372274,0.156968582,0.159023317,0.154896059,0.146524329,0.134080353,0.139876393,0.141585038,0.13803229,0.133643327,0.134741896,0.131248527,0.131693996,0.122241864,0.126265775,0.121877618
400,"JOR","Jordan",0.245954533,0.243766072,0.242812516,0.249720963,0.254407272,0.253076731,0.253086765,0.268260858,0.264750755,0.277423107,0.274182423,0.284770259,0.293673082,0.293572874,0.303358852,0.301120293,0.295485887
398,"KAZ","Kazakhstan",0.168652324,0.16058934,0.157834914,0.154835806,0.153010862,0.149944169,0.136914264,0.147066508,0.139867248,0.163685213,0.140796066,0.140637661,0.14131485,0.139386267,0.13761792,0.135937473,0.139413506
404,"KEN","Kenya",0.309391229,0.312819695,0.318268542,0.311933339,0.336327209,0.331576513,0.319899452,0.336377452,0.347284863,0.354813407,0.3511929,0.351756515,0.368307289,0.369556922,0.351879059,0.368018326,0.355621553
296,"KIR","Kiribati",0.06699874,0.064856341,0.064980559,0.064810935,0.066232643,0.057702286,0.05829424,0.062735484,0.054295071,0.058001562,0.057182254,0.052872293,0.056154076,0.061134701,0.056488775,0.05300219,0.058200616
689,"XKX","Kosovo",0.232601461,0.214614087,0.227238983,0.217040081,0.226560768,0.193843381,0.190994915,0.183438806,0.200757803,0.210341795,0.174685698,0.17082924,0.176427672,0.161022603,0.164063815,0.158645369,0.156407747
414,"KWT","Kuwait",0.28334812,0.295345893,0.290574807,0.288723951,0.286636941,0.286053736,0.280907695,0.301595509,0.278155957,0.296294205,0.296576453,0.30172979,0.30128038,0.308545586,0.333855157,0.315368621,0.324498154
417,"KGZ","Kyrgyzstan",0.153228271,0.147051862,0.149315265,0.145128525,0.149423385,0.143026422,0.135755912,0.139250016,0.139670357,0.14859687,0.13953461,0.140552751,0.142934425,0.141303288,0.145009594,0.141813139,0.141965515
418,"LAO","Laos",0.418401897,0.556769331,0.46324422,0.426267296,0.540592404,0.389686394,0.439247389,0.567443264,0.391087501,0.504358229,0.456118,0.474432121,0.479470121,0.670066933,0.360392302,0.339147028,0.470806169
428,"LVA","Latvia",0.208187639,0.192714288,0.195324544,0.200556939,0.18736007,0.177102351,0.180102095,0.191704364,0.175083311,0.173795923,0.179329286,0.174123091,0.170281868,0.170861879,0.156161472,0.160827821,0.153094946
422,"LBN","Lebanon",0.294021871,0.299084988,0.295024562,0.304450133,0.304894174,0.309991561,0.300396005,0.344872611,0.30995765,0.32873548,0.326525918,0.332840272,0.342569744,0.350670453,0.321114047,0.308343267,0.308918725
426,"LSO","Lesotho",0.194784272,0.180352926,0.187055075,0.1790019,0.191970794,0.178242459,0.173927923,0.206301609,0.180691128,0.180001751,0.176764939,0.186648171,0.186581636,0.187180151,0.187645233,0.189268223,0.194013034
430,"LBR","Liberia",0.188611834,0.175194899,0.161999289,0.169013279,0.195670073,0.185041099,0.308656469,0.165799602,0.175551661,0.196408413,0.17139906,0.184362502,0.237232283,0.202358399,0.204107722,0.182987694,0.212811769
434,"LBY","Libya",0.14814179,0.140026891,0.139448156,0.14043758,0.142620043,0.135170265,0.129447231,0.134432898,0.136102881,0.138543806,0.1343671,0.136795518,0.138683295,0.137440952,0.138613925,0.134675988,0.137021132
438,"LIE","Liechtenstein",0.241131308,0.216568775,0.221411419,0.218546584,0.207956076,0.200895408,0.190886455,0.18957684,0.186813251,0.181608969,0.182602258,0.176970813,0.179652523,0.169416325,0.166921182,0.159199045,0.153810246
440,"LTU","Lithuania",0.195094384,0.181007686,0.182690104,0.185228699,0.172167415,0.164969489,0.169047504,0.176986171,0.163500961,0.164531226,0.16504383,0.16040507,0.160567462,0.158964147,0.150569551,0.156792586,0.147544372
442,"LUX","Luxembourg",0.262302725,0.234936318,0.231557668,0.22709034,0.215971666,0.204099607,0.196040902,0.201062958,0.19769486,0.187093809,0.187605458,0.184227551,0.18069735,0.177911337,0.178445533,0.167973404,0.159821837
446,"MAC","Macao",0.663495803,0.721293589,0.616792501,0.716462051,0.731634433,0.753385387,0.765361267,0.699911287,0.731868235,0.696303766,0.715704674,0.725530716,0.71856373,0.713647918,0.671276337,0.705598597,0.722070933
450,"MDG","Madagascar",0.145690456,0.127044003,0.146930364,0.146842287,0.150522647,0.142647096,0.148481479,0.163567336,0.163994556,0.155992806,0.161217799,0.147281278,0.155075501,0.150803711,0.13430368,0.138491911,0.133985998
454,"MWI","Malawi",0.219177739,0.210158058,0.21795362,0.208553193,0.245824539,0.246610321,0.221980777,0.233034428,0.243338442,0.247197184,0.236121399,0.233440346,0.234622496,0.222462814,0.20970796,0.221647262,0.212496842
458,"MYS","Malaysia",0.335811673,0.362823737,0.398359835,0.386222497,0.286089617,0.270764958,0.34402485,0.27475763,0.320502044,0.309742971,0.316493353,0.397302936,0.479073461,0.274033907,0.228600001,0.249812105,0.357307178
462,"MDV","Maldives",0.113933755,0.112478192,0.106992515,0.109833266,0.110568926,0.103612754,0.103335429,0.105949489,0.107586665,0.101309687,0.107368069,0.108448059,0.100483532,0.112261707,0.106722389,0.10379733,0.102484858
466,"MLI","Mali",0.17263121,0.185143429,0.177190689,0.170359658,0.164862859,0.161856999,0.166788943,0.174511489,0.172115909,0.161632766,0.171494315,0.169977762,0.168094579,0.179315294,0.17639298,0.167394382,0.162467286
470,"MLT","Malta",0.154276157,0.139480512,0.138760354,0.1370948,0.140953731,0.128783662,0.124950031,0.126630152,0.12745006,0.130356455,0.121407307,0.12002403,0.123625687,0.118076366,0.114951501,0.10972127,0.111633086
584,"MHL","Marshall Islands",0.071311121,0.067833718,0.071498882,0.0687812,0.070791032,0.063700534,0.064508062,0.069073911,0.059087627,0.062244244,0.063277742,0.060122816,0.066009041,0.065662324,0.062525156,0.057873575,0.064310203
478,"MRT","Mauritania",0.122784072,0.122498485,0.121064132,0.119213996,0.1190098,0.116152957,0.113560206,0.119260617,0.115936586,0.116722697,0.116922944,0.113566131,0.116866942,0.117585204,0.117638637,0.112505099,0.114333968
480,"MUS","Mauritius",0.081315367,0.082722367,0.082553178,0.079219209,0.08411793,0.079749222,0.08121633,0.084006564,0.083606651,0.075454401,0.077990528,0.076988864,0.081115944,0.079099568,0.066135722,0.066990466,0.065544379
484,"MEX","Mexico",0.263907345,0.244793663,0.263547944,0.256606618,0.254767868,0.245874637,0.247719929,0.240723176,0.258720342,0.246641097,0.24517221,0.237927709,0.239044065,0.249058702,0.253661546,0.244826022,0.264139098
583,"FSM","Micronesia",0.071093717,0.073064268,0.071693249,0.07613867,0.069821974,0.063269748,0.069728363,0.068462948,0.059278657,0.064784083,0.065378684,0.064001898,0.073960827,0.066234403,0.061829104,0.062812783,0.068027506
498,"MDA","Moldova",0.174401162,0.168374414,0.170197063,0.165852274,0.15989518,0.156410597,0.150617493,0.158314158,0.151654123,0.152425927,0.146180145,0.148735698,0.148024043,0.143743783,0.137670793,0.136578675,0.134138961
492,"MCO","Monaco",0.138950137,0.131166549,0.123863488,0.12175982,0.127137289,0.125650114,0.108323953,0.136821307,0.125598423,0.12418935,0.122018996,0.148603009,0.119507418,0.11388246,0.13795381,0.110588293,0.110290848
496,"MNG","Mongolia",0.169270273,0.131890317,0.133445474,0.148297414,0.176323957,0.167254877,0.152813446,0.13737534,0.132541419,0.153246535,0.133555743,0.132506117,0.141559954,0.13757639,0.175573747,0.125083581,0.135601135
499,"MNE","Montenegro",0.195627452,0.176406848,0.182502928,0.174814295,0.197427718,0.162844016,0.156720409,0.155259767,0.165838456,0.19097089,0.147333485,0.14511959,0.154663665,0.141832498,0.148260764,0.13843461,0.135972456
504,"MAR","Morocco",0.159589293,0.159618772,0.158385726,0.156402924,0.160001079,0.151495491,0.15006494,0.151879489,0.16630108,0.172734942,0.166998119,0.165285068,0.187794639,0.182521392,0.188999017,0.181738879,0.190034758
508,"MOZ","Mozambique",0.145437321,0.137360539,0.144999066,0.140168586,0.160928843,0.164206852,0.135706536,0.150770642,0.146511905,0.149237524,0.149357957,0.148642963,0.150782768,0.140994887,0.135533138,0.144771785,0.137483226
104,"MMR","Myanmar",0.345458991,0.388168852,0.348833215,0.342391902,0.39724849,0.331811846,0.393824565,0.380733036,0.315252114,0.347688961,0.326830635,0.320583665,0.309931794,0.332353932,0.271632343,0.279730513,0.29481511
516,"NAM","Namibia",0.134012252,0.134586887,0.141578603,0.134989368,0.143645939,0.14162164,0.141188408,0.156476087,0.177482158,0.181070197,0.148158319,0.141804203,0.149544946,0.144080059,0.142886276,0.142961425,0.137198314
520,"NRU","Nauru",0.065588791,0.063092026,0.06389596,0.066048113,0.064336832,0.05643253,0.057964408,0.062073431,0.052832605,0.055188631,0.055853467,0.052790463,0.05632945,0.059391689,0.055232721,0.052925214,0.057640503
524,"NPL","Nepal",0.757439818,0.779821451,0.737914885,0.783142297,0.792878819,0.818497966,0.820017161,0.813025604,0.83724814,0.823729395,0.815766935,0.826960882,0.831657796,0.912018292,0.846572751,0.899657288,0.831392103
528,"NLD","Netherlands",0.251792576,0.219530022,0.21075652,0.203494693,0.192889649,0.186636139,0.180603718,0.18533645,0.181078121,0.172429554,0.164427007,0.168452467,0.15931296,0.157993271,0.151855176,0.146663793,0.138853979
540,"NCL","New Caledonia",0.065001415,0.065317628,0.064828617,0.061189629,0.062659571,0.05802552,0.054987533,0.057072833,0.05785353,0.055611203,0.053752619,0.053292643,0.055456687,0.058685099,0.059022659,0.059029808,0.057748339
554,"NZL","New Zealand",0.075659665,0.071744564,0.074879996,0.07006358,0.072041958,0.066455628,0.062477602,0.06745143,0.064998649,0.062769295,0.065075767,0.061118476,0.062502676,0.062980534,0.060631555,0.060665868,0.061728468
558,"NIC","Nicaragua",0.128252807,0.115606401,0.129500485,0.11697241,0.117671389,0.110479376,0.108827304,0.121469212,0.115531916,0.109898516,0.114628823,0.109063379,0.110148231,0.116619025,0.111914398,0.105282152,0.10745801
562,"NER","Niger",0.176734674,0.18310507,0.176116781,0.172778976,0.17568308,0.16781641,0.176716466,0.180514971,0.175975479,0.18501289,0.191807183,0.184740135,0.177240294,0.191321861,0.184029081,0.191202199,0.192130315
566,"NGA","Nigeria",0.337866193,0.355036835,0.338445329,0.339013564,0.361159241,0.366928593,0.341081633,0.346046317,0.356868305,0.359374412,0.371421064,0.365717676,0.375007706,0.401389476,0.404964189,0.413837723,0.429236684
570,"NIU","Niue",0.059837576,0.058239089,0.05696674,0.055913721,0.057780086,0.053316789,0.050798496,0.051571737,0.049778183,0.051011105,0.048136514,0.04877805,0.049933075,0.048340481,0.051865622,0.050752514,0.050335881
408,"PRK","North Korea",0.777469459,0.704227486,0.625144155,0.701150773,0.746431149,0.684921494,0.696224752,0.63808371,0.64396859,0.637828989,0.646747797,0.698827118,0.699426485,0.634086796,0.612196023,0.620899185,0.649088997
807,"MKD","North Macedonia",0.221698221,0.204839907,0.216072584,0.2067776,0.214966192,0.186262238,0.180668061,0.177383928,0.194885505,0.199861546,0.17262594,0.165773011,0.172909361,0.158747206,0.162482909,0.154896464,0.15428961
578,"NOR","Norway",0.184330905,0.165502242,0.157774457,0.16434713,0.153053831,0.147896717,0.144187048,0.148561704,0.141704211,0.144225684,0.138156925,0.137256243,0.133353796,0.133689719,0.132156445,0.133418523,0.131066161
512,"OMN","Oman",0.139834363,0.139143274,0.138329936,0.140010252,0.14239805,0.143056705,0.136456168,0.141816554,0.138717177,0.146539592,0.143512022,0.142671791,0.150476937,0.153938451,0.169552981,0.17038703,0.168198953
586,"PAK","Pakistan",0.631339486,0.643746788,0.622211498,0.623732034,0.669380006,0.644207815,0.650112604,0.710851103,0.671763744,0.677768621,0.703974431,0.707434626,0.724600463,0.778792267,0.747174165,0.757198264,0.701025069
585,"PLW","Palau",0.081463966,0.08492094,0.080748843,0.084642494,0.076433721,0.065011398,0.083670098,0.068508827,0.067756015,0.077003099,0.073131254,0.077265788,0.090226406,0.068265442,0.063667244,0.071628836,0.081108755
591,"PAN","Panama",0.125422621,0.121015001,0.124773079,0.120979822,0.12305253,0.114190247,0.117030171,0.118305442,0.114896585,0.122929427,0.126301846,0.12062982,0.12753102,0.123506253,0.12396426,0.122821036,0.12360068
598,"PNG","Papua New Guinea",0.093698987,0.103243917,0.086899354,0.091343819,0.09080624,0.085413173,0.085117141,0.098773923,0.081272625,0.085067779,0.084749,0.090008923,0.109933487,0.085578189,0.090834932,0.090057341,0.089422822
600,"PRY","Paraguay",0.217678747,0.204517874,0.183898341,0.188104137,0.206939426,0.153962647,0.15442671,0.161358817,0.145166902,0.160732056,0.148536708,0.144922182,0.157360916,0.148785697,0.152410303,0.147960701,0.166565275
604,"PER","Peru",0.136303949,0.132867883,0.138862036,0.125083495,0.137108418,0.123038477,0.119506809,0.141282498,0.120612103,0.129175237,0.123184653,0.125763768,0.138605005,0.143534074,0.142649048,0.149927394,0.156497375
608,"PHL","Philippines",0.195481903,0.206246115,0.209419775,0.207634887,0.187413175,0.172220253,0.204621656,0.175644112,0.177551218,0.182989238,0.170475136,0.17720544,0.190651622,0.16475061,0.158108224,0.155780776,0.174017019
616,"POL","Poland",0.242896961,0.220916697,0.228631968,0.233431378,0.199057934,0.19629412,0.198465225,0.200977702,0.186538135,0.185070172,0.180683365,0.178376587,0.173291517,0.169954976,0.163978225,0.16131102,0.152851039
620,"PRT","Portugal",0.214937631,0.1806214,0.231231228,0.184865794,0.169807439,0.148425974,0.159060689,0.164828105,0.172710244,0.162534,0.159653891,0.128889125,0.144887003,0.157523396,0.213540429,0.124611513,0.122964832
634,"QAT","Qatar",0.217432428,0.220594446,0.216438244,0.218813052,0.218585187,0.217646498,0.204747363,0.237219016,0.207403509,0.221482247,0.215441355,0.218669948,0.225105905,0.234193118,0.260225026,0.255051338,0.245705142
178,"COG","Republic of Congo",0.237141405,0.263081737,0.261982765,0.26431743,0.260019886,0.288071733,0.273474706,0.285065658,0.283558456,0.249164097,0.276369379,0.256772234,0.271815553,0.284872591,0.256886268,0.274737932,0.279907262
642,"ROU","Romania",0.224565595,0.212303599,0.214830748,0.21103565,0.196052328,0.194000602,0.18581342,0.188016102,0.187188613,0.186753258,0.17480157,0.171925668,0.173202482,0.167063109,0.162927692,0.158640563,0.157030108
643,"RUS","Russia",0.198772813,0.169542206,0.180091418,0.173358111,0.177102923,0.17115198,0.160369744,0.23795626,0.156448988,0.171751599,0.156385332,0.161282094,0.159269831,0.158451359,0.147527217,0.15425105,0.156438761
646,"RWA","Rwanda",0.49055199,0.48890666,0.508922255,0.487503396,0.524509128,0.521497733,0.500466577,0.531917428,0.547099418,0.56762078,0.548584711,0.551652658,0.55212551,0.553886484,0.530814491,0.549030147,0.568989073
652,"BLM","Saint Barthelemy",0.095541851,0.089191508,0.090810263,0.090834191,0.0869695,0.084935409,0.080169564,0.085293269,0.079750788,0.082016246,0.080237752,0.076727895,0.079009351,0.078046786,0.077188078,0.07584731,0.073713546
659,"KNA","Saint Kitts and Nevis",0.102078251,0.089348755,0.092134429,0.098963196,0.088847961,0.085166468,0.082525571,0.088874776,0.080638874,0.082616073,0.08090185,0.077498546,0.080395134,0.079369898,0.077481123,0.077346534,0.075158892
662,"LCA","Saint Lucia",0.092541727,0.088193,0.090233038,0.087023336,0.087710884,0.084028506,0.079496913,0.08387211,0.081459947,0.081617296,0.081303513,0.077962618,0.080900904,0.080855026,0.078649107,0.076556957,0.075251208
670,"VCT","Saint Vincent and the Grenadines",0.091316089,0.087162524,0.088668934,0.085879326,0.086865799,0.0830465,0.078952823,0.082822616,0.08051459,0.080719202,0.080581972,0.077398882,0.080393579,0.079661092,0.078585427,0.076441291,0.075554439
882,"WSM","Samoa",0.060699069,0.058906834,0.058652786,0.057342357,0.059024887,0.054556986,0.051887756,0.053583988,0.051393767,0.052414443,0.050580855,0.05065301,0.052023586,0.050672113,0.052551605,0.051333734,0.05081581
674,"SMR","San Marino",0.276865499,0.260325061,0.251582571,0.244405878,0.231679797,0.219531109,0.20929765,0.206339746,0.214147827,0.208595466,0.202122692,0.195306883,0.205214016,0.190365502,0.187355932,0.175690449,0.168532416
678,"STP","Sao Tome and Principe",0.097966447,0.106224952,0.108878228,0.100047428,0.104375925,0.108688569,0.099574832,0.104582104,0.105356775,0.093769647,0.100914308,0.095109639,0.110302528,0.111232695,0.113205615,0.108826237,0.114673204
682,"SAU","Saudi Arabia",0.154732633,0.150967152,0.151156385,0.149027725,0.154431753,0.15073677,0.145688107,0.153073999,0.149606163,0.154060897,0.153391657,0.150600832,0.155449498,0.158569674,0.171837406,0.168096721,0.167016063
686,"SEN","Senegal",0.15044043,0.154435692,0.159274241,0.155696791,0.157308093,0.161238476,0.151353584,0.16865567,0.157825564,0.15084709,0.160388465,0.149875456,0.162401016,0.163862097,0.162394852,0.152816259,0.158499492
688,"SRB","Serbia",0.234808012,0.213929099,0.222020437,0.214601524,0.206151363,0.195302868,0.192286269,0.186459726,0.192968571,0.187458907,0.175011072,0.172203049,0.176752723,0.165694654,0.163694472,0.160605048,0.160842902
690,"SYC","Seychelles",0.08009928,0.078634344,0.078615863,0.079764642,0.079415622,0.074119113,0.072811302,0.072227868,0.073437607,0.071947609,0.071218624,0.072120638,0.072684472,0.07442139,0.073768832,0.070318945,0.069078329
694,"SLE","Sierra Leone",0.304396341,0.301323233,0.225179204,0.271967945,0.369924226,0.290021583,0.479476002,0.227263468,0.274751456,0.363465487,0.299021395,0.388978142,0.425511242,0.385621634,0.320504131,0.268831288,0.290005485
702,"SGP","Singapore",0.270187262,0.274299185,0.289204826,0.360070676,0.208218019,0.253193888,0.24696013,0.232677946,0.249421513,0.262085408,0.29873378,0.305866739,0.459594555,0.208726317,0.162146769,0.175256372,0.292552704
534,"SXM","Sint Maarten",0.094899519,0.089238312,0.090571866,0.089860469,0.086762498,0.084957041,0.079984921,0.084922067,0.079681965,0.081967469,0.080173001,0.076698529,0.078649657,0.077864306,0.077213299,0.075503635,0.07352828
703,"SVK","Slovakia",0.250782428,0.227156197,0.237506708,0.234125089,0.211056905,0.202852226,0.202401781,0.202159468,0.199512985,0.192105151,0.188504029,0.183400752,0.186809738,0.178382088,0.17640487,0.168296302,0.163422641
705,"SVN","Slovenia",0.288389143,0.271190916,0.266574072,0.256147411,0.249151899,0.238014088,0.222706094,0.225835245,0.226032306,0.21792412,0.213524507,0.203685613,0.220560087,0.207189374,0.20490357,0.192990615,0.185046733
90,"SLB","Solomon Islands",0.061761971,0.059830916,0.061415696,0.059566106,0.06118178,0.056289848,0.055840705,0.057565511,0.054671262,0.054683906,0.05452301,0.055092131,0.058850035,0.057467119,0.055956753,0.057550112,0.056597764
706,"SOM","Somalia",0.095710731,0.096966811,0.092947051,0.093717075,0.097171895,0.09129243,0.089337511,0.088234659,0.089860688,0.089640799,0.085600474,0.085720634,0.089396808,0.093012093,0.089849198,0.088517632,0.08697284
710,"ZAF","South Africa",0.279038421,0.296263455,0.325187276,0.332928989,0.351590166,0.363668505,0.368077764,0.387827647,0.39087009,0.394751947,0.415675952,0.425414424,0.458283787,0.458808587,0.471064617,0.4880206,0.54473291
410,"KOR","South Korea",0.695156504,0.621457827,0.566024058,0.629375749,0.637111905,0.629982046,0.628585937,0.594429155,0.575783063,0.54596318,0.577422627,0.621541954,0.603933806,0.57196955,0.52220645,0.535970307,0.576241614
728,"SSD","South Sudan",0.294879337,0.279410481,0.300517947,0.261592643,0.287093862,0.282658086,0.298491881,0.256617975,0.273316839,0.279253569,0.286019053,0.264586674,0.29403473,0.28840308,0.253374569,0.278407123,0.227629984
724,"ESP","Spain",0.196888172,0.187781815,0.18457151,0.178812993,0.176840077,0.162800447,0.155557034,0.154182463,0.158917685,0.160941605,0.146847998,0.142530044,0.152425543,0.144756068,0.144104939,0.132293844,0.131705478
144,"LKA","Sri Lanka",0.230355797,0.222026083,0.236175431,0.233567452,0.233649037,0.238569453,0.235740834,0.235120318,0.23617007,0.235998907,0.243446786,0.24824242,0.257422871,0.258307814,0.254748599,0.268374024,0.25560682
275,"PSE","State of Palestine",0.283346052,0.281294649,0.288365811,0.289119867,0.303269854,0.304272699,0.30929059,0.345072645,0.313942475,0.34051459,0.348266673,0.371630179,0.378069774,0.385352748,0.373579577,0.381708046,0.376605962
729,"SDN","Sudan",0.161577915,0.165339995,0.157674823,0.155584431,0.158115581,0.149220512,0.144548836,0.149891379,0.142872426,0.149480286,0.152124506,0.148444918,0.145602735,0.14459512,0.147404506,0.154497771,0.151196744
740,"SUR","Suriname",0.098912463,0.096976556,0.09826475,0.09587479,0.098087574,0.095485812,0.094726452,0.096778291,0.094235075,0.091538072,0.091704293,0.090345589,0.097137894,0.094492342,0.092589474,0.090236546,0.091529605
752,"SWE","Sweden",0.171537369,0.152853924,0.152308049,0.15749769,0.146173867,0.142376329,0.137447113,0.142243641,0.133515658,0.137574255,0.132724735,0.136567157,0.128955407,0.127138196,0.12264465,0.127106932,0.122766828
756,"CHE","Switzerland",0.265404621,0.237249025,0.241230443,0.239990066,0.221822789,0.213951377,0.203824911,0.202795083,0.201349809,0.192434585,0.194242634,0.190587774,0.18973731,0.178282056,0.173948704,0.161905722,0.154125752
760,"SYR","Syria",0.232022445,0.228544019,0.226023854,0.229210578,0.231212733,0.225563567,0.222242159,0.23390723,0.232016354,0.238230888,0.234978484,0.234357848,0.242866967,0.243619353,0.248958161,0.242798732,0.24503614
158,"TWN","Taiwan",0.344675029,0.325970072,0.32086642,0.31633698,0.323042516,0.315568275,0.319838597,0.319752227,0.295516919,0.299972848,0.294025606,0.299075639,0.290393251,0.284791306,0.256407531,0.263748799,0.254831296
762,"TJK","Tajikistan",0.192028931,0.181510111,0.189137681,0.185835288,0.188096156,0.183636377,0.173658025,0.177522954,0.173570135,0.185357374,0.17702652,0.179898204,0.175561504,0.178353073,0.181338109,0.174967869,0.176733407
834,"TZA","Tanzania",0.168505982,0.156248427,0.161591229,0.148356242,0.173085659,0.157644428,0.151755352,0.161774183,0.158463807,0.166127344,0.156140884,0.154996413,0.170314631,0.165450512,0.148726023,0.157325163,0.151605474
764,"THA","Thailand",0.362651339,0.394323487,0.364912625,0.34775357,0.361537129,0.338214881,0.359613098,0.3454845,0.350761616,0.365114241,0.351474413,0.344702784,0.34917941,0.344000247,0.315402603,0.327256587,0.329897729
626,"TLS","Timor-Leste",0.115688775,0.123868421,0.117862879,0.122613272,0.111371527,0.106583347,0.112464721,0.094385438,0.108226428,0.1120801,0.094917191,0.119079667,0.104312274,0.102761411,0.104250535,0.108108572,0.106817668
768,"TGO","Togo",0.234339836,0.243886544,0.246654322,0.231080318,0.253568342,0.26606426,0.237782862,0.239220115,0.246277793,0.224448306,0.238929444,0.227471126,0.258284077,0.25985943,0.263682966,0.249593551,0.246357876
776,"TON","Tonga",0.059927314,0.058896245,0.058300816,0.056699885,0.058044024,0.053633445,0.051075049,0.0527491,0.051292719,0.051736854,0.04888895,0.049491212,0.05060631,0.049613079,0.051790477,0.050758729,0.051248547
780,"TTO","Trinidad and Tobago",0.096799414,0.093378309,0.096553724,0.094510431,0.094239387,0.089012058,0.086240085,0.095249413,0.088617467,0.087546204,0.089918761,0.084698579,0.088901142,0.09196926,0.085428564,0.082609525,0.083877559
788,"TUN","Tunisia",0.191760447,0.187575576,0.187268699,0.194734838,0.196160848,0.194284861,0.182046431,0.181758612,0.18831373,0.196104424,0.184610342,0.196595888,0.20520366,0.208334695,0.199707393,0.194664442,0.189138167
792,"TUR","Turkey",0.207933213,0.196430298,0.190688045,0.189241274,0.183754042,0.173505952,0.16650245,0.16908929,0.161740046,0.163863092,0.159235494,0.153618998,0.156376726,0.15254847,0.150658339,0.146260929,0.146289463
795,"TKM","Turkmenistan",0.153956459,0.146499003,0.145192282,0.142419596,0.143713383,0.140020515,0.13235293,0.144648771,0.136042828,0.148835449,0.137636477,0.13814741,0.138058936,0.137712136,0.135554164,0.132857926,0.135714652
796,"TCA","Turks and Caicos Islands",0.096905457,0.096153716,0.094988786,0.092537959,0.092783643,0.088668458,0.082679613,0.09153868,0.083817751,0.087038828,0.081950152,0.080714539,0.081225318,0.083109803,0.081242869,0.07729743,0.077488311
798,"TUV","Tuvalu",-8888,-8888,-8888,-8888,-8888,-8888,-8888,-8888,-8888,-8888,-8888,-8888,-8888,-8888,-8888,-8888,-8888
800,"UGA","Uganda",0.36482476,0.344717981,0.374188818,0.327383961,0.361200259,0.348409243,0.323531139,0.350221367,0.362209101,0.372088105,0.363235205,0.35185906,0.371167023,0.365757362,0.348035936,0.365420993,0.351623017
804,"UKR","Ukraine",0.175111131,0.166849796,0.169213138,0.166794484,0.162133756,0.158962973,0.152966634,0.160910185,0.152259354,0.153029933,0.14953898,0.150825757,0.151924356,0.146878893,0.141520944,0.140548218,0.140393829
784,"ARE","United Arab Emirates",0.216345926,0.218045547,0.21784145,0.224286424,0.223452472,0.224010064,0.228194482,0.237026957,0.224984769,0.244018671,0.238148421,0.239927977,0.251273682,0.262964538,0.284356258,0.279775546,0.279882485
826,"GBR","United Kingdom",0.236178101,0.203182745,0.193666355,0.19165904,0.186886756,0.176264473,0.168393073,0.178459735,0.162723088,0.165060333,0.158958831,0.155832079,0.147180989,0.151659198,0.14206495,0.137788779,0.134405628
840,"USA","United States of America",0.293076264,0.245875774,0.235544375,0.227830652,0.2241899,0.20616677,0.203351019,0.189349301,0.186743835,0.186120857,0.177819444,0.176761521,0.176721511,0.171097279,0.171157824,0.16695374,0.155157245
858,"URY","Uruguay",0.105099836,0.094006428,0.095397422,0.097316203,0.105680954,0.091338677,0.086765917,0.090830345,0.081463469,0.097719019,0.088262236,0.091217106,0.090709938,0.085514501,0.090300641,0.085692145,0.094624665
860,"UZB","Uzbekistan",0.18330012,0.176980738,0.178382468,0.172877485,0.174058017,0.171771986,0.161000001,0.170526896,0.164338585,0.177660807,0.166104714,0.168333221,0.167280378,0.166614893,0.169656612,0.164726411,0.16793101
548,"VUT","Vanuatu",0.064602309,0.06140341,0.062031484,0.063725427,0.061238509,0.055687569,0.05374821,0.056962284,0.058047,0.056707444,0.054889213,0.056506058,0.061911194,0.062039847,0.056788053,0.05613034,0.053663003
862,"VEN","Venezuela",0.152257551,0.135766958,0.14770921,0.134005505,0.140503778,0.129930971,0.125131865,0.153997017,0.130557564,0.133151336,0.139301599,0.130096007,0.133147698,0.147864302,0.143085302,0.13568959,0.145210945
704,"VNM","Viet Nam",0.457464977,0.4753456,0.45488676,0.453978732,0.462083656,0.45991249,0.427602164,0.441192118,0.445529864,0.431494243,0.43118891,0.423359579,0.421964042,0.425220195,0.390664463,0.383379859,0.396557816
876,"WLF","Wallis and Futuna Islands",0.058568566,0.056634614,0.055689099,0.054475327,0.056711742,0.052454696,0.049981534,0.050787625,0.049597803,0.050066766,0.048615541,0.048761675,0.049999188,0.048187246,0.051361768,0.050094742,0.050710381
732,"ESH","Western Sahara",0.11346351,0.10545352,0.107002541,0.104347693,0.105357018,0.100250397,0.093027439,0.097317203,0.096956214,0.100123798,0.096390622,0.092467825,0.094980795,0.093988487,0.092107011,0.090822502,0.089810059
887,"YEM","Yemen",0.148434421,0.147250026,0.146424637,0.145235007,0.152751019,0.14809667,0.144919502,0.149846063,0.154813851,0.158037417,0.157399317,0.159257297,0.162663576,0.168378636,0.193086767,0.191056037,0.194342477
894,"ZMB","Zambia",0.189025327,0.182465668,0.188175181,0.179407004,0.209445176,0.20601981,0.181905636,0.199881251,0.213764651,0.21956169,0.204847307,0.205286458,0.215166562,0.201322976,0.184077321,0.190788614,0.183449683
716,"ZWE","Zimbabwe",0.175237117,0.177039458,0.190655653,0.178379489,0.206528683,0.206690227,0.193802473,0.207842484,0.214814382,0.208753925,0.197602948,0.192139819,0.205553102,0.187814436,0.189744774,0.187063671,0.187636376
