"code","iso","country","NOE.raw.2003","NOE.raw.2004","NOE.raw.2005","NOE.raw.2006","NOE.raw.2007","NOE.raw.2008","NOE.raw.2009","NOE.raw.2010","NOE.raw.2011","NOE.raw.2012","NOE.raw.2013","NOE.raw.2014","NOE.raw.2015","NOE.raw.2016","NOE.raw.2017","NOE.raw.2018","NOE.raw.2019"
4,"AFG","Afghanistan",0.002698882,0.002564347,0.003166962,0.00325003,0.003109909,0.00295484,0.002997925,0.003284742,0.003231113,0.003311682,0.003247262,0.003536974,0.00359323,0.00388048,0.004014797,0.003894539,0.004288922
8,"ALB","Albania",0.011609208,0.009981308,0.009465746,0.009928591,0.010320334,0.008764857,0.008442589,0.007533616,0.009180947,0.008991229,0.008019858,0.007709745,0.008447074,0.007512883,0.007411957,0.007386957,0.00703956
12,"DZA","Algeria",0.016219763,0.017601673,0.017436846,0.018510455,0.018423578,0.018826221,0.018667049,0.017884229,0.020501448,0.023463219,0.019237536,0.023743442,0.026795089,0.026515357,0.024496331,0.025423776,0.0252208
20,"AND","Andorra",0.013280542,0.0124198,0.012206761,0.012396761,0.012018952,0.012087531,0.011581683,0.01102936,0.011349968,0.010846833,0.010504828,0.010681402,0.010889482,0.010363867,0.0100991,0.009978986,0.009869409
24,"AGO","Angola",0.007788188,0.007628728,0.00731882,0.007219222,0.007436855,0.007091302,0.006644819,0.006798042,0.00715486,0.00608631,0.006222464,0.005667843,0.006198649,0.006430487,0.005250343,0.005433376,0.005902456
660,"AIA","Anguilla",0.000347027,0.00029967,0.000396854,0.000376125,0.000358916,0.0002867,0.000308357,0.000455127,0.000343928,0.000326196,0.000308111,0.000310458,0.00035139,0.000412066,0.000291784,0.000267832,0.00027636
28,"ATG","Antigua and Barbuda",0.001089943,0.00049467,0.000712412,0.001228881,0.000675995,0.000471876,0.000650426,0.0009537,0.000599385,0.000549479,0.000519847,0.000517555,0.000593815,0.000745685,0.000398797,0.000387306,0.000405194
32,"ARG","Argentina",0.010906731,0.010136178,0.011136182,0.011662968,0.011411481,0.011910449,0.011057825,0.010407604,0.00995686,0.010423846,0.010708928,0.010630078,0.010600651,0.010760264,0.009940609,0.01002214,0.010494538
51,"ARM","Armenia",0.008715521,0.007272927,0.007526339,0.007455532,0.007026564,0.007334349,0.006949446,0.007132165,0.007389933,0.00824209,0.008599841,0.009213187,0.009162178,0.010399647,0.01099423,0.009645527,0.01180021
533,"ABW","Aruba",0.001160515,0.001100042,0.001360152,0.001157431,0.001167508,0.001027503,0.001052191,0.001365197,0.001175279,0.001185388,0.001096897,0.001042661,0.001096328,0.001321241,0.001511205,0.001338867,0.001380041
36,"AUS","Australia",0.023517682,0.022802188,0.024557517,0.023460901,0.0220112,0.020938037,0.02186474,0.021068602,0.019996158,0.018966192,0.019687114,0.018989288,0.019268181,0.0175858,0.015100106,0.014269762,0.016062943
40,"AUT","Austria",0.024913835,0.021988281,0.022028008,0.022860571,0.020392703,0.020225743,0.02024396,0.020245198,0.020475045,0.018240858,0.018768936,0.018659401,0.019058575,0.018230546,0.01705119,0.016525635,0.016259031
31,"AZE","Azerbaijan",0.0064786,0.006261904,0.005982273,0.005895559,0.005539474,0.005299475,0.005407969,0.005567181,0.005039529,0.005443226,0.005416508,0.005502361,0.005608195,0.005889016,0.005523529,0.005342729,0.00582935
44,"BHS","Bahamas",0.001652772,0.00134678,0.001456891,0.00149531,0.00151271,0.001453031,0.001437622,0.001355074,0.001552744,0.001474426,0.001465732,0.001746847,0.001928863,0.00177555,0.000905364,0.000784216,0.000808765
48,"BHR","Bahrain",0.035375611,0.036925493,0.036040571,0.041372282,0.03709303,0.030786264,0.029900048,0.038181207,0.032299364,0.036253124,0.032937097,0.037970751,0.033843021,0.037154108,0.036287437,0.036354004,0.039550212
50,"BGD","Bangladesh",0.016639183,0.017256753,0.018304301,0.02090958,0.020064964,0.020131307,0.021114385,0.018766527,0.021825949,0.022101063,0.022429698,0.023710529,0.025404421,0.025963399,0.026065453,0.028179338,0.028980404
52,"BRB","Barbados",0.000452132,0.000447464,0.00064133,0.000498006,0.000475679,0.000456046,0.000430019,0.000646049,0.00054042,0.000492784,0.000475308,0.000428866,0.000477123,0.000651895,0.000358921,0.000331785,0.000369498
112,"BLR","Belarus",0.008925597,0.008125418,0.00904753,0.008069747,0.007438079,0.006478786,0.007834474,0.008355282,0.007473855,0.007953353,0.008057336,0.008600882,0.007750543,0.008643211,0.008360663,0.008719459,0.008230828
56,"BEL","Belgium",0.043976405,0.03872507,0.037902256,0.03511782,0.03569003,0.032870117,0.033055683,0.032963653,0.031661086,0.029304166,0.028834463,0.027274437,0.024965821,0.02630217,0.025175733,0.023638904,0.021751721
84,"BLZ","Belize",0.001454397,0.000884983,0.001761491,0.001040019,0.001242042,0.001144581,0.001058473,0.001106501,0.001565597,0.001113063,0.00139072,0.001152257,0.001162981,0.001176328,0.001310504,0.001007926,0.001277972
204,"BEN","Benin",0.004242154,0.004772544,0.004711339,0.004422303,0.005405028,0.005508796,0.004818822,0.004551404,0.004659555,0.004791287,0.004898965,0.004855747,0.00530408,0.005155575,0.005115431,0.005177604,0.005151776
60,"BMU","Bermuda",0.000909516,0.000816484,0.000816929,0.000782836,0.000731904,0.00078572,0.000816355,0.000740115,0.000793977,0.000818252,0.000789691,0.000834997,0.000936553,0.000958572,0.000485754,0.000478801,0.00049973
64,"BTN","Bhutan",0.006775248,0.006799028,0.007986597,0.008983143,0.007589852,0.007115164,0.007375153,0.007740003,0.00809459,0.0085543,0.008524605,0.009042927,0.009080258,0.009618883,0.010074233,0.010041876,0.01045444
68,"BOL","Bolivia",0.002173132,0.002302025,0.002393373,0.002194744,0.002414074,0.002359637,0.001962402,0.002520728,0.002245034,0.001826178,0.001809375,0.001793376,0.001772413,0.002236611,0.001910554,0.001868595,0.002054421
70,"BIH","Bosnia and Herzegovina",0.011496323,0.010405425,0.010749607,0.010200053,0.009741468,0.008915689,0.008419643,0.007757521,0.008752649,0.008133056,0.007960321,0.007887854,0.008423002,0.008220491,0.007946357,0.007569112,0.007695127
72,"BWA","Botswana",0.003227728,0.002948706,0.00314576,0.003458882,0.003245669,0.004306718,0.00347597,0.005140965,0.004674389,0.00348862,0.003439269,0.003439992,0.003323269,0.003273596,0.003752989,0.003674517,0.003805715
76,"BRA","Brazil",0.007927715,0.007772736,0.00828081,0.008377018,0.008361372,0.00808622,0.00792394,0.007961348,0.007830092,0.007828321,0.007693199,0.007974082,0.008221183,0.007879375,0.007966622,0.008101107,0.008598171
92,"VGB","British Virgin Islands",0.00034723,0.000301174,0.000392785,0.000371642,0.00037092,0.00028574,0.000307038,0.000443504,0.000330547,0.000337794,0.000320056,0.000338209,0.00038079,0.000431683,0.000247403,0.000239467,0.000251639
96,"BRN","Brunei Darussalam",0.007490616,0.006784876,0.007743875,0.007097176,0.00669214,0.006936377,0.008404043,0.007073371,0.007532237,0.0077352,0.007122526,0.007148522,0.007084205,0.007716701,0.00691847,0.007016567,0.007139165
100,"BGR","Bulgaria",0.018355672,0.016706298,0.016085573,0.016331071,0.015097922,0.014677017,0.014387982,0.013424064,0.014054539,0.013214384,0.012861386,0.012857121,0.013160351,0.012840842,0.013154254,0.012401364,0.012847029
854,"BFA","Burkina Faso",0.004126801,0.004175981,0.004105879,0.003880479,0.00402999,0.003920056,0.004048301,0.004342291,0.004002155,0.003684992,0.004011253,0.003980528,0.003792414,0.003950062,0.004131407,0.00417693,0.004015756
108,"BDI","Burundi",0.009771082,0.009258237,0.008989673,0.008505932,0.009076907,0.008946931,0.009217027,0.009451804,0.009115033,0.009540367,0.009786164,0.009917414,0.009901393,0.010037178,0.00933825,0.010102224,0.00961813
132,"CPV","Cabo Verde",0.000535424,0.000506676,0.00054974,0.0005592,0.000509119,0.000548567,0.000535541,0.000633427,0.000537968,0.000580378,0.000566765,0.000512635,0.00056474,0.000588402,0.000386079,0.000362723,0.000368693
116,"KHM","Cambodia",0.003620214,0.004322606,0.004610947,0.004574168,0.004958811,0.005097899,0.005995918,0.006098091,0.006081133,0.006167776,0.006891242,0.006752258,0.0068655,0.00699928,0.006414321,0.006999522,0.00724287
120,"CMR","Cameroon",0.003725036,0.003755369,0.003719897,0.003353491,0.003917135,0.00387457,0.003614385,0.003579516,0.003625546,0.003614347,0.003604659,0.003691022,0.003732585,0.004457424,0.0040913,0.003938647,0.004033868
124,"CAN","Canada",0.028026247,0.023705504,0.024705682,0.022019205,0.020216077,0.019365426,0.018217682,0.016884837,0.016272665,0.015900774,0.015539027,0.014898753,0.01554039,0.014163773,0.013928807,0.013204794,0.013148901
136,"CYM","Cayman Islands",0.000803063,0.000658716,0.000717793,0.000698569,0.000730925,0.000688838,0.000693725,0.000717931,0.000702879,0.000707972,0.000759925,0.000845927,0.000848193,0.000830472,0.000509811,0.000490769,0.000467114
140,"CAF","Central African Republic",0.005016098,0.004511574,0.004742756,0.004618156,0.005106939,0.005376879,0.004029593,0.003888719,0.004601678,0.003358814,0.003127476,0.004220644,0.004353414,0.004795308,0.004006798,0.004224527,0.003281321
148,"TCD","Chad",0.004112615,0.004181366,0.004086787,0.003867846,0.004191166,0.004005733,0.003717507,0.00374904,0.003605614,0.003751768,0.003613454,0.003305626,0.003057666,0.003835375,0.003222829,0.003379642,0.003102611
152,"CHL","Chile",0.027992601,0.026933115,0.026360266,0.026614958,0.027115145,0.027750967,0.026142077,0.0264759,0.02674042,0.026213517,0.028057547,0.028034284,0.027767194,0.029019059,0.027797762,0.027364783,0.028788702
156,"CHN","China",0.043599382,0.045757617,0.048853196,0.05270309,0.057331128,0.058485866,0.061222794,0.062398604,0.065460997,0.064814979,0.068144389,0.069344712,0.069539688,0.069725193,0.071488309,0.071157408,0.075560208
170,"COL","Colombia",0.007822549,0.007679195,0.007493764,0.007581573,0.007816896,0.007673343,0.007721803,0.007588226,0.007577376,0.007985667,0.008043348,0.00833171,0.008428836,0.008447703,0.008632784,0.008657739,0.008755678
174,"COM","Comoros",0.000293858,0.000319748,0.000416656,0.000474926,0.000390191,0.000399313,0.000435409,0.00041216,0.000448987,0.000455887,0.00050372,0.000502232,0.000591049,0.000572028,0.000411769,0.000427586,0.000427719
184,"COK","Cook Islands",4.98e-05,5.19e-05,5.33e-05,5.17e-05,5.45e-05,5.54e-05,5.1e-05,6.12e-05,6.13e-05,5.59e-05,5.29e-05,5.1e-05,5.1e-05,5.71e-05,3.81e-05,3.78e-05,3.62e-05
188,"CRI","Costa Rica",0.008147572,0.00748771,0.007963058,0.007742717,0.008231849,0.008029148,0.007734753,0.008074482,0.008471184,0.008464518,0.008490824,0.008097544,0.007855949,0.00877601,0.009149639,0.008546914,0.008293227
384,"CIV","Cote d'Ivoire",0.002658619,0.002349136,0.002522383,0.002391327,0.002853688,0.003115082,0.002638443,0.00244561,0.002711631,0.002579205,0.002663811,0.002194322,0.002539925,0.002834704,0.00227298,0.002402965,0.002371671
191,"HRV","Croatia",0.018366211,0.016836676,0.017201491,0.01635452,0.015693782,0.014875948,0.013421538,0.013013542,0.014476363,0.012930155,0.012909878,0.012358326,0.013832395,0.013207496,0.012302087,0.012022939,0.01186885
192,"CUB","Cuba",0.004065564,0.003503169,0.003830016,0.003776016,0.003726879,0.003567049,0.00354415,0.003260715,0.00347408,0.003497873,0.0034537,0.003624118,0.003631433,0.003351184,0.003153646,0.003188218,0.003395249
531,"CUW","Curacao",0.001698199,0.001672399,0.002173246,0.001723964,0.001738518,0.00158928,0.001560971,0.002157675,0.001851797,0.00179734,0.001657618,0.001537723,0.001622364,0.002014407,0.001851675,0.001635543,0.001740324
196,"CYP","Cyprus",0.007078295,0.006596848,0.006308142,0.005677473,0.006251314,0.00604763,0.006170966,0.006920486,0.005615985,0.005271381,0.005422837,0.005644485,0.005232841,0.005399553,0.003114038,0.002857888,0.002701043
203,"CZE","Czech Republic",0.02955173,0.025965322,0.027241258,0.027385972,0.022778061,0.022772713,0.023193814,0.023429789,0.022507175,0.02045608,0.020896948,0.021239418,0.020214064,0.020963829,0.019677568,0.018530348,0.018910372
180,"COD","Dem. Rep. Congo",0.005275615,0.005626231,0.005793585,0.005816586,0.005234685,0.00556456,0.005827748,0.005758355,0.005595069,0.005565933,0.006037806,0.005662002,0.005998527,0.006665611,0.005508491,0.005707946,0.005698358
208,"DNK","Denmark",0.017210399,0.013719676,0.014043393,0.014433439,0.012917683,0.012828369,0.012849186,0.012301581,0.0132001,0.011663615,0.011536332,0.012118558,0.010878667,0.012322107,0.009319237,0.009964261,0.00971093
262,"DJI","Djibouti",0.002399694,0.002333932,0.002252713,0.002284207,0.002303825,0.002377279,0.00231609,0.002474115,0.002506451,0.002381018,0.00250578,0.002381373,0.002505667,0.002525818,0.003403056,0.003048276,0.003149924
212,"DMA","Dominica",0.000647084,0.000583628,0.000805503,0.000683691,0.000637466,0.000575142,0.000562937,0.000885933,0.000711728,0.000631503,0.000613698,0.000568408,0.00063029,0.000880935,0.000479194,0.000446046,0.000487344
214,"DOM","Dominican Republic",0.01264178,0.01240668,0.013685895,0.013582025,0.013282321,0.011827439,0.011601818,0.012300444,0.011846361,0.011740489,0.011214292,0.011643304,0.010887108,0.011940984,0.012051958,0.011268312,0.012051545
218,"ECU","Ecuador",0.008166915,0.007983679,0.00803494,0.00814848,0.008110343,0.008207436,0.008029801,0.007894049,0.008029872,0.007947054,0.008078801,0.007939738,0.008127986,0.007986822,0.008237875,0.007956886,0.008064031
818,"EGY","Egypt",0.027967221,0.027185967,0.028511088,0.029754125,0.028830205,0.028989046,0.029884605,0.03030435,0.029267599,0.029790641,0.032642085,0.034875913,0.033211509,0.034678273,0.037435027,0.037408974,0.038967628
222,"SLV","El Salvador",0.013027442,0.01357447,0.014261732,0.013780868,0.014402251,0.013257539,0.014867318,0.013677828,0.014608737,0.015131291,0.01466497,0.015324059,0.015554266,0.015660937,0.015263623,0.015537489,0.016803028
226,"GNQ","Equatorial Guinea",0.0007311,0.000747943,0.000788101,0.000804178,0.000832116,0.000859217,0.000892803,0.000873009,0.000925681,0.000992053,0.000987191,0.001014985,0.001038518,0.001182737,0.001105876,0.001143956,0.001188582
232,"ERI","Eritrea",0.003596703,0.003308694,0.003375856,0.003366898,0.003308882,0.00341832,0.003298462,0.00347454,0.003290449,0.003395018,0.003410239,0.003522518,0.003297885,0.003590446,0.004595609,0.004503826,0.005093074
233,"EST","Estonia",0.014243005,0.013475823,0.014307802,0.013520039,0.012684233,0.011038194,0.011896614,0.012052077,0.01226933,0.01026591,0.011849157,0.010702832,0.009139573,0.01113695,0.008197319,0.009556914,0.008791117
748,"SWZ","Eswatini",0.008700438,0.009233893,0.010031304,0.009796601,0.012530109,0.01117355,0.010393738,0.011472718,0.010798439,0.010619735,0.011290997,0.01205199,0.011310412,0.010990487,0.010505098,0.010896381,0.012062454
231,"ETH","Ethiopia",0.007081855,0.006223675,0.006593742,0.006141162,0.006365184,0.006292278,0.006122552,0.006364395,0.006245814,0.006365652,0.006476103,0.006510232,0.006591641,0.006650193,0.006505249,0.006545416,0.006730953
234,"FRO","Faeroe Islands",0.001542936,0.000727133,0.000678522,0.000840699,0.000622229,0.000745776,0.000838849,0.000785659,0.000793028,0.000517595,0.000680188,0.001037292,0.000647188,0.0007756,0.000603512,0.000700817,0.000638992
238,"FLK","Falkland Islands",0.000114917,0.000247631,0.000125565,0.000175124,0.000122762,0.00014155,0.000156216,0.000170389,0.000145683,0.00026225,0.000108798,9.56e-05,0.000107588,0.000139338,9.76e-05,9.02e-05,7.91e-05
242,"FJI","Fiji",0.000593679,0.000480254,0.000621406,0.000527478,0.00061818,0.000596115,0.000485354,0.000606372,0.000534057,0.000502245,0.000491993,0.00060501,0.000435541,0.000526962,0.000544616,0.000528315,0.000430765
246,"FIN","Finland",0.027437993,0.028247852,0.027181841,0.027450603,0.025477551,0.023414631,0.024369862,0.025203158,0.025079282,0.021522321,0.023091414,0.022310535,0.019910752,0.021697134,0.017854925,0.020910337,0.01880007
250,"FRA","France",0.023606456,0.020959503,0.020560783,0.02082783,0.020483843,0.019235371,0.018859992,0.018359395,0.01888882,0.017449828,0.01703712,0.017164847,0.01648857,0.016895499,0.015457246,0.014477434,0.013929249
258,"PYF","French Polynesia",0.000338612,0.000312874,0.000341772,0.000334483,0.00033567,0.000268312,0.000313654,0.000287928,0.000248283,0.000326509,0.000277633,0.000307302,0.00031312,0.000368365,0.000224957,0.000254848,0.000253917
266,"GAB","Gabon",0.001364813,0.001410991,0.00144632,0.001518351,0.001586555,0.001660885,0.001716464,0.001736541,0.00180895,0.00185008,0.001845949,0.001783547,0.001811845,0.001924293,0.001848804,0.001989064,0.002073132
270,"GMB","Gambia",0.002968954,0.003433076,0.003587922,0.003721557,0.003899729,0.004009319,0.003534347,0.004304706,0.003761556,0.003513624,0.003759215,0.003648947,0.003846386,0.004224318,0.00412402,0.004078388,0.004285084
268,"GEO","Georgia",0.006692313,0.005645636,0.005544584,0.005669229,0.005550478,0.005498655,0.005207967,0.005391734,0.005426146,0.005610361,0.005596059,0.005846138,0.005735136,0.005867991,0.0061658,0.006130135,0.006697405
276,"DEU","Germany",0.034738649,0.0304434,0.030164021,0.029078172,0.02674193,0.026055314,0.026301717,0.025928675,0.026245698,0.023361341,0.022377319,0.022933052,0.021544323,0.02168108,0.020335523,0.019245106,0.018388353
288,"GHA","Ghana",0.003662501,0.003622809,0.004035598,0.003459857,0.004178227,0.00453582,0.003831485,0.003820296,0.004260057,0.003695766,0.003967187,0.00369464,0.004480267,0.004715996,0.004245106,0.004211372,0.003990337
300,"GRC","Greece",0.014211111,0.013416674,0.012568646,0.013260247,0.014492598,0.013037897,0.012890025,0.01260293,0.011387089,0.011761871,0.011118638,0.011922363,0.01109539,0.011315529,0.010522864,0.009672352,0.009237983
304,"GRL","Greenland",0.000681357,0.000663348,0.000661618,0.000658401,0.000687352,0.000657926,0.000682261,0.000938478,0.000612217,0.000795494,0.000638576,0.000677176,0.00063039,0.000735987,0.000758548,0.000649141,0.00085503
308,"GRD","Grenada",0.000376845,0.000386015,0.00051548,0.000389617,0.000385748,0.000391391,0.000333091,0.000545777,0.000434473,0.000403113,0.000371436,0.000337059,0.000362142,0.000480166,0.000326728,0.000270441,0.000363183
320,"GTM","Guatemala",0.012545703,0.011398324,0.012921564,0.012140904,0.012372787,0.011595237,0.012483221,0.012036257,0.012680353,0.012579092,0.012260322,0.012219556,0.012251929,0.012340604,0.01313828,0.012514192,0.013439651
831,"GGY","Guernsey",0.02549849,0.020751316,0.021532871,0.02286611,0.021997507,0.019877097,0.020716805,0.020978152,0.0230606,0.019891249,0.017429624,0.023453834,0.018452188,0.022234804,0.014449857,0.019691941,0.015941282
324,"GIN","Guinea",0.005293462,0.005869242,0.005357622,0.00583637,0.0068762,0.006205879,0.007158909,0.005253473,0.005841468,0.006599906,0.005685334,0.006052227,0.006502181,0.008056338,0.005704319,0.00486941,0.005592629
624,"GNB","Guinea-Bissau",0.002901343,0.002813305,0.002787724,0.002815633,0.003472334,0.002927316,0.002866159,0.002587404,0.00292228,0.002861045,0.002638164,0.002710792,0.002999238,0.003335486,0.002372146,0.00250946,0.002746695
328,"GUY","Guyana",0.000342929,0.000213394,0.000246448,0.00020733,0.000203729,0.000209328,0.00022665,0.000296232,0.000205366,0.000246829,0.000193942,0.000212427,0.000258131,0.000312156,0.000180135,0.000186847,0.000219523
332,"HTI","Haiti",0.007717642,0.007333172,0.007639691,0.008125679,0.007756473,0.007610063,0.00755218,0.007246758,0.007920627,0.007396146,0.007729225,0.007350255,0.007229319,0.007472748,0.007158174,0.006721296,0.007228048
336,"VAT","Holy See",0.000159953,0.000243337,0.000113453,0.000120721,0.000215226,0.000119852,9.09e-05,0.000209948,0.000182736,9.11e-05,9.4e-05,0.000249312,9.21e-05,9.94e-05,0.000459698,7.24e-05,0.000113886
340,"HND","Honduras",0.005455492,0.004497343,0.006101612,0.005425419,0.005556895,0.005421281,0.005531516,0.004956025,0.006195367,0.005245921,0.005773623,0.005581118,0.005194,0.00561626,0.005606434,0.00560462,0.006175523
344,"HKG","Hong Kong",0.077081429,0.089729755,0.085311791,0.10508865,0.110379214,0.113577899,0.124087909,0.118262464,0.119040767,0.113934193,0.125257332,0.130020271,0.132595189,0.134495782,0.101589157,0.113722652,0.115226158
348,"HUN","Hungary",0.02167898,0.018228464,0.019631289,0.019647135,0.016826835,0.016278342,0.015801302,0.015661363,0.016289356,0.01465412,0.014877431,0.014981825,0.015387244,0.014845438,0.014179036,0.013780777,0.013559757
352,"ISL","Iceland",0.001363979,0.001105367,0.001153183,0.00108564,0.000997955,0.001103796,0.001293729,0.001308837,0.001115809,0.001165803,0.00108553,0.001229465,0.000918831,0.001326743,0.000918399,0.000772982,0.000904696
356,"IND","India",0.023192239,0.024108413,0.025757864,0.027034897,0.025983255,0.026920097,0.026040685,0.02664516,0.02809569,0.02797137,0.027744938,0.029587068,0.030617525,0.031780612,0.0325454,0.033789323,0.033638579
360,"IDN","Indonesia",0.017741865,0.018534226,0.019412946,0.018886924,0.018164811,0.018265004,0.019285771,0.019825973,0.017517804,0.018002622,0.018458182,0.018236466,0.017496782,0.019855093,0.015705258,0.014525197,0.014126231
364,"IRN","Iran",0.028119393,0.028531311,0.029922003,0.029745314,0.031062095,0.031133127,0.031683248,0.033905022,0.034533363,0.036001403,0.035894627,0.038465086,0.039900748,0.041209229,0.049442167,0.04800492,0.053522992
368,"IRQ","Iraq",0.019990725,0.019515205,0.02043368,0.019540128,0.02009873,0.020956312,0.021797709,0.023414548,0.022967963,0.025047968,0.026266824,0.027118004,0.028172063,0.029624347,0.031456639,0.030862294,0.032430557
372,"IRL","Ireland",0.009605525,0.006796441,0.006742463,0.007252646,0.007377895,0.007068621,0.006330813,0.007610854,0.006732876,0.00612102,0.006175492,0.006167356,0.005500885,0.006258116,0.004875948,0.005483507,0.005246613
833,"IMN","Isle of Man",0.015529612,0.009644018,0.009502036,0.010546049,0.01026556,0.009831646,0.008861397,0.010751792,0.010108624,0.009043944,0.008712722,0.008931753,0.00778905,0.008754433,0.005436241,0.00686761,0.006282019
376,"ISR","Israel",0.046029551,0.043593055,0.046676731,0.046863278,0.048004577,0.049402048,0.050918484,0.056348362,0.048304044,0.05183656,0.054344104,0.05963867,0.058711158,0.061188838,0.052443651,0.054523197,0.053346104
380,"ITA","Italy",0.03599485,0.034370892,0.032639359,0.033861856,0.032032615,0.030004643,0.029295814,0.027057134,0.029897592,0.027190534,0.025744618,0.025028948,0.025630564,0.023480116,0.021341452,0.020066475,0.019471749
388,"JAM","Jamaica",0.008149301,0.008211504,0.009334146,0.007801729,0.008409791,0.007567093,0.007581535,0.008558618,0.008059374,0.007560372,0.007895895,0.008288857,0.007975773,0.009097883,0.007486947,0.006616307,0.007218454
392,"JPN","Japan",0.050767219,0.047419065,0.043868209,0.043663619,0.041079221,0.038035822,0.035104164,0.031466408,0.029859346,0.027354019,0.02633903,0.026397488,0.025220627,0.024101645,0.021227675,0.019850744,0.018434172
832,"JEY","Jersey",0.027622635,0.023336336,0.0239426,0.025259918,0.024330934,0.021995661,0.02331925,0.023179437,0.025472294,0.022327202,0.019934365,0.025932995,0.020995086,0.024541694,0.016879559,0.0220483,0.01804697
400,"JOR","Jordan",0.03170283,0.029744986,0.030676163,0.031893381,0.030997132,0.031440341,0.032275212,0.032769788,0.033277093,0.034111864,0.033798931,0.037094814,0.036770208,0.037238624,0.039234022,0.039705663,0.038657492
398,"KAZ","Kazakhstan",0.008264433,0.00764162,0.008652825,0.008062614,0.007757583,0.00760455,0.006866125,0.006843961,0.007106658,0.008008404,0.007030803,0.007901532,0.007902025,0.008265826,0.008420804,0.00849102,0.009131367
404,"KEN","Kenya",0.008115068,0.007577894,0.007918392,0.007872288,0.008525649,0.008601048,0.008513326,0.008899745,0.009337639,0.00979669,0.009829101,0.010015018,0.010434765,0.010381216,0.010349197,0.010879893,0.010800986
296,"KIR","Kiribati",1.69e-05,1.78e-05,1.65e-05,1.67e-05,1.42e-05,1.27e-05,1.64e-05,1.42e-05,1.28e-05,1.49e-05,1.31e-05,1.44e-05,1.81e-05,1.32e-05,1.14e-05,1.19e-05,1.37e-05
689,"XKX","Kosovo",0.011859535,0.010697785,0.010694917,0.010717262,0.011134499,0.009840265,0.010091892,0.009035316,0.010484053,0.010726986,0.009542142,0.009711122,0.009687239,0.009269988,0.009060905,0.008906193,0.009066248
414,"KWT","Kuwait",0.056907086,0.060583386,0.059251512,0.061209208,0.057925959,0.056513586,0.057389394,0.066130901,0.057479502,0.064724648,0.060416395,0.061871037,0.064686261,0.0658008,0.073099763,0.063814261,0.0701472
417,"KGZ","Kyrgyzstan",0.013395244,0.012187311,0.01342015,0.012851203,0.012001655,0.011327853,0.010876674,0.010376626,0.01102876,0.011726463,0.011328613,0.01225445,0.012158461,0.012591678,0.012519194,0.012537162,0.013417001
418,"LAO","Laos",0.006806326,0.01004927,0.00847569,0.008062744,0.010750551,0.006926608,0.008061426,0.010987384,0.006561987,0.009101817,0.008255071,0.009135506,0.00931471,0.01346439,0.007130058,0.0065547,0.009863379
428,"LVA","Latvia",0.007638105,0.006755322,0.007228728,0.006965545,0.006693134,0.005973569,0.006621672,0.006938582,0.006344567,0.006408785,0.006963843,0.006918195,0.006759047,0.007402047,0.005856343,0.006352926,0.00583846
422,"LBN","Lebanon",0.03043241,0.030108551,0.031103554,0.031740508,0.031621096,0.033010971,0.032443188,0.036554035,0.032651674,0.034277923,0.034373025,0.037305569,0.037416102,0.038398883,0.036031378,0.034889211,0.034947314
426,"LSO","Lesotho",0.019461456,0.017550643,0.017240688,0.017471323,0.017711871,0.016530787,0.017268468,0.01861481,0.018348422,0.017723763,0.016959554,0.018380278,0.017197685,0.017573806,0.017858602,0.017730597,0.018929369
430,"LBR","Liberia",0.001607681,0.001451715,0.001067684,0.001452144,0.002118854,0.001742804,0.004840745,0.001493278,0.001557313,0.002420663,0.001596011,0.002089261,0.003092709,0.002404273,0.001981736,0.001653654,0.002407004
434,"LBY","Libya",0.006012637,0.00661858,0.0063455,0.007518419,0.007211069,0.007420615,0.007218095,0.007461593,0.008037702,0.007934849,0.007880232,0.009094479,0.008646469,0.009362716,0.009232594,0.009334816,0.009613056
438,"LIE","Liechtenstein",0.026407307,0.023610211,0.023904332,0.024921636,0.022975174,0.022973054,0.02184589,0.02100954,0.022373791,0.019645557,0.020167514,0.019148083,0.019377053,0.01805223,0.016623156,0.016657153,0.016508743
440,"LTU","Lithuania",0.007220379,0.006373744,0.006835207,0.006739627,0.006381569,0.005455845,0.006444445,0.00677624,0.006338344,0.006533995,0.00652075,0.00680616,0.006565193,0.007128995,0.006368037,0.006873927,0.006231292
442,"LUX","Luxembourg",0.030715137,0.02691693,0.026266192,0.025805385,0.02570349,0.023490873,0.023604784,0.024142578,0.024122974,0.021283158,0.021377148,0.020697263,0.019505507,0.020380805,0.019572814,0.018746472,0.016984012
446,"MAC","Macao",0.059412194,0.067592323,0.062945385,0.076116445,0.079767173,0.083794044,0.089548842,0.086927525,0.086892263,0.086260291,0.091314622,0.094706362,0.094235645,0.096181832,0.082288554,0.088436723,0.090511863
450,"MDG","Madagascar",0.002861671,0.002288668,0.002812311,0.002804331,0.002805306,0.002749854,0.003064951,0.003228548,0.003315683,0.003242185,0.003382287,0.003039661,0.003199951,0.003272173,0.002665334,0.002794496,0.002708803
454,"MWI","Malawi",0.004873296,0.004571026,0.004808197,0.004567668,0.005217571,0.005669445,0.005032865,0.005057748,0.005636677,0.005667436,0.005393701,0.005305122,0.005302117,0.005069955,0.004706558,0.005147879,0.004968291
458,"MYS","Malaysia",0.019168293,0.018615098,0.02014931,0.01933759,0.018495021,0.017920998,0.018573412,0.018451448,0.01772062,0.018531439,0.018987568,0.018658674,0.017866784,0.018678385,0.016297246,0.016246793,0.015731745
462,"MDV","Maldives",0.00014817,0.000147186,0.000127064,0.000145368,0.000142738,0.000122318,0.000127554,0.000130371,0.000132594,0.00013638,0.00013933,0.000146866,0.000136815,0.00014537,0.000127844,0.000123513,0.000129588
466,"MLI","Mali",0.003735775,0.004044479,0.003932778,0.003796677,0.00367253,0.003796131,0.00372362,0.004002883,0.00374866,0.003328243,0.003549778,0.003564837,0.003527426,0.003737585,0.003658756,0.003560685,0.003378563
470,"MLT","Malta",0.009056644,0.007492557,0.007345129,0.008589773,0.009650374,0.008626692,0.008174268,0.007207856,0.0090519,0.009424373,0.00716363,0.007505921,0.008219111,0.007340952,0.004742109,0.004750796,0.004561033
584,"MHL","Marshall Islands",1.07e-05,1.09e-05,1.09e-05,1.12e-05,8.98e-06,9.52e-06,1.01e-05,9.26e-06,1.07e-05,9.45e-06,8.88e-06,1.15e-05,8.05e-06,8.75e-06,8.5e-06,8.28e-06,8.35e-06
478,"MRT","Mauritania",0.001749547,0.001837547,0.001904833,0.001895327,0.001871151,0.00191207,0.001955975,0.00211577,0.001848841,0.001871698,0.00193416,0.001939775,0.002041156,0.001985645,0.002127745,0.002002222,0.002057153
480,"MUS","Mauritius",0.000946831,0.000953747,0.000904902,0.000916404,0.000974399,0.00102224,0.001297098,0.001220881,0.001331053,0.001074993,0.001228332,0.001256643,0.001322075,0.00125134,0.00065871,0.000704054,0.000670528
484,"MEX","Mexico",0.022708771,0.021988562,0.023386984,0.023392714,0.022902654,0.021911879,0.022053014,0.021151992,0.022172934,0.022407222,0.021181302,0.02192108,0.021609733,0.021678441,0.023219478,0.02244559,0.023681987
583,"FSM","Micronesia",4.42e-05,4.75e-05,3.98e-05,4.26e-05,4e-05,3.6e-05,4.56e-05,3.78e-05,4.22e-05,4.31e-05,3.93e-05,4.56e-05,4.37e-05,4.24e-05,2.52e-05,2.72e-05,2.7e-05
498,"MDA","Moldova",0.008385155,0.007433608,0.00784844,0.007649531,0.00697367,0.006696359,0.006865957,0.006729246,0.007362039,0.007046672,0.006753007,0.007547407,0.007374945,0.007107489,0.006840701,0.007044921,0.007237067
492,"MCO","Monaco",0.000233082,0.000413364,0.000164638,0.000171674,0.000489731,0.000260222,0.000139688,0.000377964,0.000365135,0.000149665,0.000188445,0.000599794,0.000152183,0.000187537,0.000815341,0.000125358,0.000179945
496,"MNG","Mongolia",0.002937155,0.002684055,0.003347814,0.003717943,0.005653723,0.005232007,0.005349648,0.004539465,0.00516962,0.005468686,0.005438749,0.005715303,0.005788194,0.006028114,0.00829104,0.006025691,0.006883292
499,"MNE","Montenegro",0.00741395,0.006629552,0.006569531,0.006639154,0.007266232,0.00593678,0.005759305,0.005033604,0.006217979,0.00699311,0.005536983,0.005463799,0.006031596,0.005620835,0.005469493,0.005313673,0.005335251
504,"MAR","Morocco",0.007135253,0.007941096,0.008438087,0.008664616,0.009164088,0.009077858,0.009368788,0.009007244,0.01097872,0.011464199,0.011286199,0.011967462,0.014295372,0.014100735,0.014551822,0.014135196,0.015546172
508,"MOZ","Mozambique",0.002628742,0.002381365,0.002649616,0.002537925,0.003037061,0.003394888,0.002503516,0.002779413,0.002788411,0.002863499,0.00295168,0.002985409,0.002916362,0.002618088,0.002337335,0.002763644,0.00256294
104,"MMR","Myanmar",0.005192533,0.006499299,0.006214491,0.005884151,0.007441539,0.005873892,0.006774523,0.006795197,0.005314422,0.006236898,0.005787849,0.005742102,0.005473365,0.005720289,0.005022187,0.00482183,0.005365879
516,"NAM","Namibia",0.002829218,0.00271206,0.002707664,0.00309915,0.002831038,0.002857316,0.003024646,0.003136295,0.004312974,0.004311955,0.00316173,0.003168,0.003062276,0.003095678,0.00317626,0.003026083,0.002832253
520,"NRU","Nauru",1.02e-05,1.33e-05,1e-05,1.04e-05,8.52e-06,6.61e-06,1.07e-05,9.05e-06,6.68e-06,1.02e-05,7.72e-06,9.62e-06,1.25e-05,7.85e-06,7.04e-06,6.92e-06,1.11e-05
524,"NPL","Nepal",0.012424086,0.01307788,0.015654753,0.016865608,0.014213233,0.014165046,0.013940996,0.013696169,0.014245485,0.015476403,0.014498907,0.015351556,0.015682809,0.017714114,0.017051653,0.017497711,0.018352773
528,"NLD","Netherlands",0.041094128,0.035675603,0.034430515,0.031771597,0.031121235,0.029701821,0.029867309,0.029199878,0.030460325,0.026431509,0.023860723,0.025268913,0.022209169,0.023569762,0.02100425,0.019447527,0.018346983
540,"NCL","New Caledonia",0.000342075,0.000400518,0.000350757,0.00030854,0.000324085,0.000339227,0.000351178,0.000339554,0.00038807,0.000320262,0.000355612,0.000329445,0.000336605,0.000427556,0.000456046,0.000480448,0.000417547
554,"NZL","New Zealand",0.004796386,0.004236652,0.005405082,0.004487673,0.004465429,0.004001052,0.003806346,0.004010476,0.003770454,0.003678455,0.004102259,0.003546089,0.003379105,0.003632907,0.002699426,0.00269864,0.002584558
558,"NIC","Nicaragua",0.00351569,0.002871683,0.00381088,0.003313485,0.003277717,0.003216801,0.003031899,0.003422932,0.003551068,0.003026682,0.003262038,0.002950323,0.00266368,0.003174541,0.003358865,0.002737357,0.002871199
562,"NER","Niger",0.005028681,0.004696827,0.004934628,0.004882943,0.005086383,0.004885802,0.005280727,0.005164032,0.005002833,0.005449331,0.005743995,0.00554662,0.005159078,0.005546301,0.005356124,0.005758334,0.005625778
566,"NGA","Nigeria",0.008178326,0.008402829,0.008291731,0.008339844,0.009067447,0.009231534,0.00874339,0.008634325,0.009084279,0.009428463,0.009424382,0.009564654,0.009774022,0.010484571,0.010251201,0.010795941,0.011334037
570,"NIU","Niue",5.25e-05,5.52e-05,5.93e-05,5.08e-05,5.7e-05,5.75e-05,5.15e-05,6.43e-05,6.24e-05,5.71e-05,6.05e-05,5.28e-05,4.82e-05,6.52e-05,4.04e-05,3.88e-05,4.01e-05
408,"PRK","North Korea",0.030255338,0.028905691,0.026167678,0.030805836,0.034450763,0.032786461,0.034966089,0.034979822,0.03529399,0.034891904,0.036067572,0.038607848,0.039145654,0.036557917,0.036962044,0.037973616,0.040047943
807,"MKD","North Macedonia",0.0174257,0.015738229,0.015282656,0.015432051,0.015209426,0.01351808,0.013626919,0.012329712,0.013740345,0.013813908,0.01263924,0.012580787,0.012491964,0.011987632,0.012153929,0.011835505,0.011717832
578,"NOR","Norway",0.018564491,0.016822396,0.014646792,0.015888027,0.01511621,0.014129209,0.01464795,0.014733152,0.014154078,0.013095999,0.013113426,0.011582054,0.011742048,0.013083653,0.010892443,0.010718238,0.011461477
512,"OMN","Oman",0.0090929,0.009311068,0.009589422,0.010303345,0.009888727,0.010327663,0.010499325,0.011735667,0.011019245,0.012414714,0.011171114,0.012309688,0.0133573,0.014025028,0.014659583,0.014716306,0.014539913
586,"PAK","Pakistan",0.026341788,0.028150945,0.031849235,0.031694294,0.031653958,0.028498303,0.029760558,0.032137992,0.029885565,0.031293406,0.030877846,0.032149575,0.03368219,0.036274755,0.035953665,0.036119982,0.03621944
585,"PLW","Palau",7.12e-05,7.24e-05,6.75e-05,7.25e-05,6.96e-05,6.12e-05,8.73e-05,5.63e-05,7.56e-05,7.68e-05,6.86e-05,7.84e-05,7.48e-05,7.11e-05,5.68e-05,6.03e-05,5.83e-05
591,"PAN","Panama",0.005192078,0.005054195,0.005296752,0.005359422,0.005280436,0.004998309,0.005262477,0.004841149,0.005250389,0.005675898,0.005666146,0.005603542,0.005772984,0.005686502,0.005822018,0.005751567,0.005642961
598,"PNG","Papua New Guinea",0.000929349,0.001086337,0.000848364,0.000963259,0.000990117,0.001025178,0.000912085,0.001254902,0.00090147,0.000940912,0.000931849,0.000912793,0.001273617,0.000903409,0.001002214,0.000872783,0.000888267
600,"PRY","Paraguay",0.00418791,0.003315924,0.003450728,0.003571028,0.004225966,0.003291728,0.00291356,0.002837287,0.00274693,0.002830523,0.002999154,0.002566124,0.002548152,0.003481428,0.003291432,0.003073195,0.003422317
604,"PER","Peru",0.003370233,0.003261933,0.003479416,0.003646134,0.003488642,0.003709398,0.003832548,0.003810677,0.003911145,0.004445277,0.004452357,0.00464669,0.005076647,0.005263701,0.006059947,0.007231728,0.007304378
608,"PHL","Philippines",0.009698514,0.010355377,0.011011497,0.010806303,0.009828473,0.0099719,0.010388024,0.009988212,0.009484143,0.009877299,0.009731386,0.009342149,0.009278501,0.009643985,0.009743986,0.008680082,0.009063926
616,"POL","Poland",0.024091921,0.021472315,0.022911787,0.023883284,0.018590702,0.018284104,0.019329967,0.019319499,0.017960679,0.0170794,0.016591294,0.016718025,0.015556856,0.016197361,0.014950107,0.014531104,0.013535711
620,"PRT","Portugal",0.017582046,0.017139438,0.018295337,0.017524043,0.01766081,0.015554435,0.015800977,0.014100391,0.016557165,0.015181403,0.01276591,0.01228405,0.014067976,0.013628745,0.016059837,0.011669052,0.011679966
634,"QAT","Qatar",0.031217304,0.03413043,0.033220627,0.038972375,0.032869155,0.02876073,0.029017694,0.033814643,0.030294155,0.034158449,0.029977517,0.036267924,0.03151672,0.033736623,0.033361276,0.034022888,0.039497478
178,"COG","Republic of Congo",0.003265337,0.003557795,0.003552813,0.003912143,0.003729513,0.004098702,0.004191105,0.004138364,0.003885595,0.003499811,0.003568574,0.003185723,0.00300376,0.003524265,0.003090209,0.003362585,0.003282584
642,"ROU","Romania",0.019017032,0.016728739,0.016720348,0.016928233,0.014759445,0.01475454,0.014113429,0.013423513,0.014263661,0.013705056,0.012852185,0.012960074,0.013083206,0.012780813,0.012221456,0.012073089,0.012218483
643,"RUS","Russia",0.019653087,0.017718697,0.019091758,0.019199024,0.017283497,0.015902372,0.017014075,0.017901262,0.01636006,0.017712499,0.017262937,0.017875343,0.017525114,0.019228271,0.018088207,0.020018667,0.019675566
646,"RWA","Rwanda",0.011151936,0.010696356,0.011036376,0.010694411,0.011234247,0.01165637,0.011581198,0.012158467,0.012372859,0.012998455,0.012761581,0.013150344,0.012858895,0.013349559,0.013280794,0.013542145,0.014232468
652,"BLM","Saint Barthelemy",0.000356884,0.000289306,0.000394296,0.000387998,0.000351663,0.000277433,0.000307856,0.00045728,0.000338309,0.000317696,0.000300669,0.000304615,0.000347109,0.000409946,0.000275363,0.000266619,0.000271729
659,"KNA","Saint Kitts and Nevis",0.000711805,0.000467332,0.000658737,0.000779185,0.000582959,0.000442446,0.000533341,0.000799087,0.000554344,0.000516514,0.000491822,0.000500058,0.000582225,0.0006926,0.000398882,0.000435358,0.000446217
662,"LCA","Saint Lucia",0.000688361,0.000668036,0.000948482,0.000743892,0.000713015,0.000670539,0.00064037,0.000970171,0.000800557,0.000712352,0.000695541,0.000631775,0.000704135,0.00098215,0.000497014,0.000460954,0.000508716
670,"VCT","Saint Vincent and the Grenadines",0.000485986,0.000485932,0.000647596,0.00052578,0.000511436,0.000484452,0.000472163,0.000659212,0.000557243,0.000519917,0.000502924,0.000465145,0.000503641,0.000671356,0.000392851,0.000364539,0.000412863
882,"WSM","Samoa",0.000205284,0.000203523,0.000222571,0.000213734,0.000218428,0.000162315,0.000187039,0.000218539,0.00018046,0.000198481,0.000220583,0.00021356,0.000198811,0.000260175,8.9e-05,8.59e-05,8.98e-05
674,"SMR","San Marino",0.025350413,0.02456257,0.023480154,0.023753588,0.022261727,0.021653484,0.021388948,0.020148964,0.022858475,0.020900888,0.01976905,0.018743381,0.020036054,0.018376929,0.017236615,0.016741733,0.016200749
678,"STP","Sao Tome and Principe",0.000157455,0.00015387,0.000176862,0.000164234,0.000164968,0.000163424,0.000164393,0.00017595,0.000159389,0.000155812,0.000174058,0.000163291,0.00016916,0.000216123,0.000136455,0.000129575,0.000132647
682,"SAU","Saudi Arabia",0.015750753,0.014754878,0.015065944,0.015124801,0.014562988,0.014412521,0.014395187,0.016180829,0.015042491,0.015635308,0.015392524,0.015892527,0.015891739,0.01672273,0.016314088,0.016554434,0.016906275
686,"SEN","Senegal",0.002967583,0.003246909,0.003604884,0.003516087,0.003580017,0.003820955,0.003574494,0.004173273,0.003717608,0.003577965,0.003890409,0.003707225,0.004091161,0.004179477,0.004287332,0.00391707,0.004210602
688,"SRB","Serbia",0.015998714,0.013991839,0.014955711,0.0145809,0.013361145,0.012490542,0.01202501,0.01068481,0.011853745,0.010784586,0.010719026,0.010769389,0.011036277,0.01087532,0.009894052,0.009594839,0.010226024
690,"SYC","Seychelles",0.000169611,0.000156515,0.000157733,0.000177028,0.000174043,0.000159847,0.000170609,0.000179065,0.000148685,0.000172022,0.000164015,0.000177194,0.000191376,0.00018438,0.000134433,0.000146118,0.000146714
694,"SLE","Sierra Leone",0.005458191,0.005267748,0.002750834,0.004572648,0.007799696,0.005053794,0.010747825,0.003169846,0.004560781,0.007947619,0.005685203,0.008706929,0.009463829,0.008440109,0.005701515,0.004363578,0.005156458
702,"SGP","Singapore",0.02049823,0.019869398,0.021579514,0.021051036,0.020940894,0.019880077,0.020877291,0.021256351,0.018605283,0.021358543,0.021912518,0.020246689,0.018468937,0.021125709,0.013797542,0.013489384,0.012384779
534,"SXM","Sint Maarten",0.00034591,0.000293098,0.000392087,0.000374863,0.000353507,0.000280536,0.000304958,0.000448506,0.0003385,0.000318645,0.000302004,0.000305498,0.000344306,0.000406494,0.000285414,0.000263922,0.000271801
703,"SVK","Slovakia",0.023399016,0.020481057,0.021974896,0.022274705,0.018527529,0.017826137,0.018018021,0.017699501,0.01802511,0.016347358,0.016600053,0.016047087,0.016439845,0.016304369,0.015911491,0.014674382,0.014693957
705,"SVN","Slovenia",0.025703468,0.024242261,0.023718001,0.023273669,0.022068314,0.021028199,0.019428604,0.019008057,0.020301477,0.018255032,0.018019121,0.016914055,0.019078086,0.017927098,0.017443782,0.01654127,0.016259523
90,"SLB","Solomon Islands",3.32e-05,3.46e-05,4.44e-05,4.48e-05,5.4e-05,3.67e-05,3.58e-05,3.98e-05,3.22e-05,4.37e-05,4.11e-05,3.37e-05,3.3e-05,3.24e-05,2.97e-05,5.33e-05,3.12e-05
706,"SOM","Somalia",0.00034086,0.000348667,0.000321413,0.000370083,0.000337943,0.000326423,0.000352664,0.000316174,0.000366551,0.000357161,0.00039196,0.000354618,0.000396317,0.000310942,0.000324718,0.000364431,0.000377828
710,"ZAF","South Africa",0.024783969,0.02523431,0.026237713,0.027626576,0.028150783,0.029723088,0.030076989,0.030412189,0.031088337,0.031132651,0.032208524,0.032621817,0.034543178,0.034533059,0.034560267,0.035251003,0.040181221
410,"KOR","South Korea",0.095056036,0.087834632,0.075048229,0.084998916,0.084795136,0.081357167,0.079992288,0.078462832,0.074907846,0.069767947,0.073583014,0.07985953,0.076117168,0.073437512,0.068125704,0.070528053,0.076724136
728,"SSD","South Sudan",0.006558688,0.005773447,0.006942106,0.00525473,0.006711496,0.006461812,0.007172966,0.005357845,0.005911796,0.006050696,0.00594471,0.00561182,0.006429495,0.006769796,0.005525233,0.005964576,0.003924001
724,"ESP","Spain",0.018810826,0.018533409,0.017945194,0.018019356,0.018186258,0.016865299,0.015892536,0.014805565,0.016267751,0.015525481,0.013499273,0.013874733,0.015438124,0.013832163,0.012299256,0.011296223,0.011522408
144,"LKA","Sri Lanka",0.007383279,0.007133467,0.007696402,0.00828029,0.008414481,0.00904965,0.009030209,0.008778615,0.009408902,0.009728119,0.00955472,0.010348799,0.011496506,0.011177582,0.011889985,0.012734702,0.012764207
275,"PSE","State of Palestine",0.045602757,0.043840373,0.046707171,0.04718544,0.04780848,0.04868539,0.050196384,0.053473869,0.048756686,0.051897851,0.053585054,0.059341494,0.058122846,0.059947192,0.057125029,0.058307891,0.057404362
729,"SDN","Sudan",0.003640219,0.003490828,0.003361614,0.003280564,0.003573562,0.003459362,0.003578381,0.003614065,0.003172693,0.003578389,0.003689348,0.003751282,0.003512957,0.003789636,0.003529047,0.003935258,0.003791633
740,"SUR","Suriname",0.000296088,0.000309277,0.000301765,0.000289057,0.00027412,0.000314506,0.000249637,0.000275622,0.000256696,0.000287899,0.000272096,0.000245923,0.000259635,0.000305537,0.000277814,0.000276065,0.00026315
752,"SWE","Sweden",0.009162011,0.008120336,0.008140323,0.008720265,0.007738276,0.007665235,0.007542537,0.007666925,0.007374141,0.00707565,0.007016031,0.006964418,0.006570486,0.007163302,0.005607948,0.006110522,0.00595868
756,"CHE","Switzerland",0.028324512,0.025279377,0.025516055,0.026719881,0.023500691,0.02351475,0.022423554,0.021602582,0.022960384,0.019963066,0.020399955,0.020066597,0.019444699,0.018074959,0.015949591,0.015381817,0.014995561
760,"SYR","Syria",0.021553698,0.020777791,0.021008778,0.021470908,0.021520501,0.021530621,0.021607111,0.022061742,0.022642891,0.022551236,0.021640753,0.023353322,0.023859177,0.02390782,0.02569047,0.025399541,0.025357007
158,"TWN","Taiwan",0.057040049,0.054781627,0.055842969,0.055615899,0.054456618,0.052311753,0.05029748,0.05296619,0.047596662,0.048992279,0.048789594,0.050542008,0.047620446,0.050629665,0.044398043,0.044965834,0.042514917
762,"TJK","Tajikistan",0.010825417,0.009129281,0.010344968,0.010472703,0.009322012,0.009278252,0.008333667,0.007941387,0.008393256,0.008648762,0.008224871,0.009083806,0.008573364,0.009249089,0.009196686,0.00909913,0.009527438
834,"TZA","Tanzania",0.002784964,0.002338844,0.002464835,0.002153023,0.002634991,0.002442805,0.002397536,0.002428084,0.002242138,0.002487932,0.002384119,0.002234027,0.002407837,0.002455261,0.002068487,0.002177475,0.002175792
764,"THA","Thailand",0.013308158,0.014395646,0.014108391,0.014632791,0.014766934,0.013826352,0.015352783,0.014221047,0.01431796,0.015683618,0.01526824,0.015122824,0.015376914,0.015110308,0.015395453,0.016152544,0.016549
626,"TLS","Timor-Leste",0.000821304,0.001165036,0.000916603,0.00125037,0.000859728,0.000960261,0.000942693,0.00078625,0.000816635,0.000924661,0.000760969,0.001057258,0.000838999,0.000817342,0.000763101,0.000719855,0.000884533
768,"TGO","Togo",0.004169854,0.004218492,0.00482283,0.004286671,0.004923066,0.005461044,0.004805717,0.004643501,0.004883449,0.004353137,0.004607984,0.004436658,0.005242707,0.005034265,0.004802631,0.00478512,0.004580169
776,"TON","Tonga",2.95e-05,3.04e-05,3.04e-05,2.98e-05,2.95e-05,2.91e-05,3.03e-05,3.01e-05,2.88e-05,2.98e-05,2.9e-05,2.92e-05,2.98e-05,2.71e-05,2.43e-05,2.34e-05,2.33e-05
780,"TTO","Trinidad and Tobago",0.004723014,0.004856333,0.005963963,0.004950597,0.004815016,0.004775476,0.004473911,0.005968475,0.005159213,0.005075552,0.004898091,0.00445194,0.004615674,0.0061462,0.003696178,0.003519623,0.003863154
788,"TUN","Tunisia",0.010561472,0.010893911,0.011184181,0.012702913,0.012501983,0.013099571,0.012737189,0.011967441,0.013245685,0.014219862,0.013080084,0.015077789,0.016152822,0.017106722,0.015493601,0.0158294,0.015145634
792,"TUR","Turkey",0.018320162,0.016555995,0.015798817,0.016329059,0.016027272,0.016285326,0.015770613,0.015285309,0.015113382,0.014752594,0.014707051,0.015296005,0.0144607,0.013924448,0.014909682,0.013550202,0.014600445
795,"TKM","Turkmenistan",0.005798827,0.005100552,0.005391954,0.005086709,0.004883798,0.005041246,0.004785466,0.005218895,0.004768854,0.005078083,0.004656261,0.00510757,0.004881367,0.005183035,0.005187425,0.005251385,0.005529464
796,"TCA","Turks and Caicos Islands",0.000566404,0.000451154,0.000528253,0.000540661,0.000570097,0.000487182,0.000485011,0.000545786,0.000504451,0.000547633,0.000478368,0.000559707,0.0005819,0.000591081,0.000477219,0.000403803,0.000458312
798,"TUV","Tuvalu",-8888,-8888,-8888,-8888,-8888,-8888,-8888,-8888,-8888,-8888,-8888,-8888,-8888,-8888,-8888,-8888,-8888
800,"UGA","Uganda",0.007198256,0.006185838,0.0072217,0.005741282,0.006531243,0.006489963,0.005888922,0.006413989,0.006630726,0.007193998,0.006913974,0.006703096,0.006892505,0.007154988,0.007113103,0.007133114,0.006887993
804,"UKR","Ukraine",0.013615942,0.01189504,0.012655607,0.01231335,0.011318241,0.011094832,0.011145267,0.011049882,0.011382375,0.01082747,0.010637974,0.011668972,0.011254992,0.011449723,0.010883938,0.011519058,0.011701834
784,"ARE","United Arab Emirates",0.046027226,0.046350237,0.04701322,0.052241182,0.048149747,0.046356667,0.048478039,0.05374706,0.048186647,0.054948396,0.049636736,0.052854156,0.055974837,0.058404909,0.062401052,0.057970265,0.061262058
826,"GBR","United Kingdom",0.04320835,0.037802387,0.035684098,0.034521514,0.03494928,0.031344619,0.032142377,0.033418713,0.029184945,0.028927523,0.026395327,0.026374142,0.022984467,0.025922416,0.021853453,0.0213344,0.02147601
840,"USA","United States of America",0.041104973,0.035634618,0.034956226,0.032096914,0.029718118,0.027746817,0.026394691,0.024389111,0.023673699,0.022890938,0.021414174,0.021130702,0.020894114,0.019291262,0.018276304,0.017330974,0.016542555
858,"URY","Uruguay",0.002941812,0.002695763,0.003090423,0.003379263,0.003649493,0.00349891,0.003357378,0.003416711,0.00309275,0.003627769,0.003621027,0.003693897,0.00372677,0.00376436,0.003482909,0.003356831,0.003946791
860,"UZB","Uzbekistan",0.030414224,0.0278291,0.029719635,0.028450044,0.026029507,0.026604894,0.0238899,0.023301048,0.023233692,0.024301767,0.023407912,0.025583629,0.024296547,0.025653563,0.026288305,0.026049378,0.027589776
548,"VUT","Vanuatu",0.000119814,9.39e-05,9.51e-05,0.000260411,0.00011791,8.22e-05,8.97e-05,0.000147084,0.000180186,0.000133877,0.000172021,0.000194996,0.000256607,0.000301261,0.000143109,0.000166878,4.79e-05
862,"VEN","Venezuela",0.0077919,0.007473889,0.008457689,0.007406744,0.007397842,0.006994223,0.006631484,0.008117922,0.007343933,0.007244375,0.006830501,0.006240452,0.006003796,0.007222387,0.007066868,0.006090649,0.006620404
704,"VNM","Viet Nam",0.00964795,0.010646763,0.010813586,0.011921223,0.012702644,0.013579873,0.013342296,0.014196773,0.014585378,0.014479478,0.01524021,0.015825565,0.015080156,0.016040358,0.016531902,0.016699585,0.01686506
876,"WLF","Wallis and Futuna Islands",5.06e-05,5.14e-05,5.32e-05,5.31e-05,5.42e-05,5.22e-05,5.07e-05,5.96e-05,5.5e-05,5.47e-05,5.62e-05,5.15e-05,5.22e-05,5.7e-05,4.22e-05,4.05e-05,4.31e-05
732,"ESH","Western Sahara",0.001005802,0.001029957,0.001063781,0.001128848,0.000957751,0.001067435,0.001093369,0.001340953,0.000996928,0.001232253,0.001062473,0.000941454,0.001032859,0.001057217,0.001405566,0.0012785,0.00130867
887,"YEM","Yemen",0.008261419,0.007466912,0.008179599,0.008112232,0.008251249,0.008494644,0.00893125,0.009019256,0.00940509,0.009833546,0.009960035,0.010733913,0.010937281,0.011626136,0.012459791,0.013308272,0.013458167
894,"ZMB","Zambia",0.0042853,0.004249987,0.004225349,0.004100735,0.004408087,0.004750605,0.004251323,0.004405343,0.005032944,0.00511532,0.004838354,0.004853001,0.004942512,0.004880491,0.004272623,0.00437973,0.004348206
716,"ZWE","Zimbabwe",0.004283022,0.004502064,0.004667435,0.004576226,0.005220835,0.005139284,0.005351541,0.005339512,0.005790147,0.005581284,0.005197476,0.005144954,0.005463851,0.004845286,0.00503509,0.004823765,0.005121242
