"code","iso","country","VOE.raw.2003","VOE.raw.2004","VOE.raw.2005","VOE.raw.2006","VOE.raw.2007","VOE.raw.2008","VOE.raw.2009","VOE.raw.2010","VOE.raw.2011","VOE.raw.2012","VOE.raw.2013","VOE.raw.2014","VOE.raw.2015","VOE.raw.2016","VOE.raw.2017","VOE.raw.2018","VOE.raw.2019"
4,"AFG","Afghanistan",0.014393424,0.012807645,0.013800935,0.013189061,0.014935585,0.014493166,0.014558793,0.014708465,0.015415423,0.015397494,0.016222556,0.016177912,0.016917805,0.013909087,0.014854775,0.014560942,0.01573218
8,"ALB","Albania",0.009877494,0.008232416,0.01072658,0.008936532,0.009511499,0.008602285,0.00838018,0.010094706,0.011734854,0.013255462,0.008815514,0.006937369,0.01037526,0.008680936,0.011358262,0.009845461,0.009952233
12,"DZA","Algeria",0.021906995,0.023832768,0.022435013,0.022297275,0.021200991,0.018099927,0.022868092,0.021356626,0.024433605,0.028499067,0.019239806,0.023930695,0.026076207,0.022782339,0.023570648,0.022983571,0.021838432
20,"AND","Andorra",0.012209743,0.011923047,0.008484252,0.011926181,0.008324364,0.008993102,0.011614078,0.009679332,0.011745707,0.011549995,0.009653464,0.008848392,0.010378706,0.011422021,0.012671594,0.01153245,0.011439649
24,"AGO","Angola",0.060219542,0.06143127,0.070824741,0.061171359,0.068911583,0.07483448,0.067318303,0.086273154,0.076828204,0.080401715,0.079420607,0.077752547,0.084481984,0.073057813,0.067114185,0.066560272,0.064237994
660,"AIA","Anguilla",0.001040811,0.00093983,0.001050498,0.001086916,0.000969426,0.000912635,0.000930722,0.001063434,0.000929888,0.000952072,0.000918468,0.000903355,0.000947537,0.000988955,0.000874878,0.000859157,0.000873317
28,"ATG","Antigua and Barbuda",0.002162769,0.001328675,0.001701413,0.002483542,0.001597238,0.001268644,0.00152524,0.002057935,0.001457524,0.001421554,0.001342879,0.001322272,0.001470078,0.001572847,0.001136817,0.001140514,0.001167207
32,"ARG","Argentina",0.066307027,0.061134164,0.037696486,0.056231497,0.055945673,0.036447615,0.045815101,0.038292121,0.042602297,0.04929732,0.04804628,0.043691627,0.048218852,0.033138464,0.035585737,0.043495351,0.043632845
51,"ARM","Armenia",0.009145247,0.011101117,0.009322096,0.01396614,0.011141671,0.010803281,0.008476303,0.013333747,0.010098533,0.010194224,0.009464286,0.012447499,0.012346116,0.012596469,0.016666937,0.011625727,0.011969136
533,"ABW","Aruba",0.002776902,0.00284516,0.003807713,0.003048371,0.003084175,0.002614517,0.002701591,0.003803952,0.003800581,0.003447533,0.003209049,0.002636636,0.002873394,0.004761551,0.004863388,0.003508664,0.003935468
36,"AUS","Australia",0.031334417,0.047049325,0.054358498,0.054042458,0.034739868,0.033910031,0.045183567,0.039459424,0.041589714,0.038959319,0.042619416,0.044572834,0.046889566,0.041897972,0.040292146,0.039118086,0.039326949
40,"AUT","Austria",0.010876153,0.008121237,0.007892173,0.006251197,0.007100413,0.009313238,0.009124026,0.007470225,0.008928364,0.009025275,0.008124469,0.007275027,0.009483318,0.008924418,0.009205725,0.008692076,0.008480451
31,"AZE","Azerbaijan",0.011372452,0.013509754,0.012676244,0.0182828,0.0180322,0.013131161,0.012965957,0.01985885,0.014417632,0.015068366,0.013533039,0.015327912,0.017062659,0.013478539,0.013944432,0.012580329,0.012218217
44,"BHS","Bahamas",0.002339189,0.002075251,0.002164152,0.002074017,0.002192495,0.002014029,0.002043307,0.002411378,0.002355186,0.002147428,0.00204996,0.002467548,0.002739783,0.002227128,0.001532853,0.00148303,0.001495708
48,"BHR","Bahrain",0.023340409,0.024301988,0.025110699,0.026796349,0.024922093,0.024574854,0.023260012,0.030551591,0.023831283,0.025867663,0.02524033,0.025864806,0.026373938,0.027850097,0.029908867,0.028659793,0.027446961
50,"BGD","Bangladesh",0.044292144,0.040438852,0.04096781,0.047410623,0.050963446,0.04168021,0.042920958,0.042149076,0.048200598,0.044064964,0.042715745,0.052379933,0.050824765,0.046047025,0.039046123,0.048593268,0.045437048
52,"BRB","Barbados",0.00096752,0.000954857,0.001079028,0.000993572,0.000966258,0.000959644,0.000925186,0.001053305,0.000995608,0.000984017,0.00097174,0.000911002,0.000960381,0.001052621,0.000894463,0.000862781,0.000894294
112,"BLR","Belarus",0.003943171,0.003761059,0.004052363,0.003791934,0.00356067,0.003381035,0.004023377,0.005066524,0.004078115,0.003875698,0.00434747,0.004494041,0.004598767,0.004192974,0.003238835,0.003955817,0.004064768
56,"BEL","Belgium",0.006348314,0.005125111,0.005432946,0.004665133,0.004222318,0.004352695,0.004907614,0.004593316,0.004282342,0.004093161,0.004388042,0.00424477,0.00394407,0.003869511,0.004052326,0.00387826,0.003790383
84,"BLZ","Belize",0.033256666,0.028113162,0.036820107,0.030454132,0.035180461,0.028282583,0.031591587,0.037576445,0.035997225,0.03658039,0.034877344,0.032441052,0.034395454,0.043027631,0.043668335,0.035176936,0.03450845
204,"BEN","Benin",0.029915188,0.029229333,0.027432882,0.027471328,0.025184806,0.026692715,0.023362141,0.027233683,0.026992905,0.027408208,0.027759933,0.030531302,0.034219184,0.048228261,0.044262995,0.035092554,0.034368663
60,"BMU","Bermuda",0.001100924,0.001057872,0.001093929,0.001064658,0.001018683,0.001009831,0.000972486,0.001013895,0.000981339,0.000992523,0.000960215,0.000977588,0.00099592,0.001025228,0.00090646,0.000886074,0.00089306
64,"BTN","Bhutan",0.05689771,0.054731231,0.063850166,0.073370746,0.069298457,0.0546072,0.055803573,0.058946021,0.059865835,0.055601901,0.05539287,0.059422614,0.055323899,0.049596232,0.04754676,0.051535877,0.05118808
68,"BOL","Bolivia",0.183344748,0.20590053,0.14132835,0.171485202,0.136839022,0.116385488,0.128594519,0.142015886,0.141776506,0.134111951,0.152390041,0.116742433,0.147509381,0.148897604,0.129462822,0.140855928,0.13558757
70,"BIH","Bosnia and Herzegovina",0.019206445,0.014766602,0.014675476,0.013450247,0.013552593,0.017294122,0.017511902,0.014337248,0.021049749,0.023609355,0.01617265,0.011923715,0.017537249,0.015065798,0.021875559,0.017442177,0.018497926
72,"BWA","Botswana",0.048610857,0.048234648,0.056842406,0.049198901,0.046871642,0.052160858,0.048183801,0.061994692,0.058448236,0.059213073,0.050477126,0.052174367,0.067724351,0.053003619,0.041371633,0.051376138,0.052748995
76,"BRA","Brazil",0.0560283,0.052895715,0.052991117,0.048569493,0.046497638,0.038591301,0.040993891,0.045804094,0.042537564,0.045162511,0.043966483,0.046354768,0.049524491,0.053293453,0.050885688,0.049671047,0.048556269
92,"VGB","British Virgin Islands",0.001238592,0.001116606,0.001285702,0.001279866,0.001187574,0.001057213,0.001064803,0.001391898,0.001090149,0.001163079,0.001085268,0.001102207,0.001168012,0.001289946,0.0009756,0.000952157,0.000979054
96,"BRN","Brunei Darussalam",0.13501203,0.120388221,0.136326502,0.109413093,0.093074401,0.082912553,0.112662711,0.126054369,0.12527936,0.12656475,0.125997239,0.114082216,0.133957805,0.12862916,0.105834517,0.115551508,0.116424385
100,"BGR","Bulgaria",0.014793732,0.011645996,0.012894802,0.010499313,0.01052017,0.012099719,0.011951987,0.01328987,0.015488763,0.017855102,0.013182283,0.010186751,0.013318445,0.012982328,0.013948186,0.012561881,0.013322864
854,"BFA","Burkina Faso",0.046838615,0.06163352,0.05155671,0.041954303,0.03386925,0.033368612,0.033340312,0.038567895,0.03364652,0.032786223,0.037051295,0.043608562,0.044886756,0.055898317,0.061629448,0.048158924,0.044997111
108,"BDI","Burundi",0.026005253,0.024183832,0.02797815,0.02439416,0.026710857,0.031423458,0.030629812,0.040143548,0.038332053,0.039175083,0.041077688,0.047709463,0.053516071,0.032316366,0.0344484,0.040951971,0.037845942
132,"CPV","Cabo Verde",0.001041375,0.001002344,0.001028032,0.001009635,0.000985712,0.000985563,0.000953998,0.000981106,0.000964167,0.000989101,0.000979746,0.000948404,0.000989459,0.001010608,0.000931551,0.000925593,0.000926166
116,"KHM","Cambodia",0.061858977,0.074152892,0.064883755,0.057095264,0.0503029,0.052171614,0.057696838,0.067714193,0.059858256,0.06383565,0.063183208,0.071593357,0.07022904,0.098867734,0.083691022,0.075093403,0.069103266
120,"CMR","Cameroon",0.084661691,0.099792406,0.080614307,0.087902399,0.068519751,0.05870405,0.057776613,0.06829902,0.074443885,0.067146263,0.086626793,0.076162828,0.08012181,0.0775853,0.073843649,0.077657178,0.077839523
124,"CAN","Canada",0.007427728,0.006513239,0.007571374,0.007567418,0.006693276,0.005934275,0.005491403,0.006247814,0.006164244,0.006777949,0.005861547,0.005870188,0.006520713,0.00580186,0.00543886,0.005880677,0.005873076
136,"CYM","Cayman Islands",0.001561905,0.00160382,0.001601116,0.001560618,0.00154505,0.001480263,0.001531525,0.001623551,0.001616329,0.001587557,0.001628941,0.001648955,0.001706738,0.001802534,0.001420252,0.001392236,0.001323449
140,"CAF","Central African Republic",0.420446599,0.435714212,0.393805967,0.341616808,0.248691087,0.270342815,0.318901142,0.329608877,0.373888391,0.324764071,0.382679939,0.346734787,0.316899217,0.180508438,0.156546055,0.298347055,0.30431423
148,"TCD","Chad",0.130550377,0.203565987,0.114688895,0.142754364,0.092960621,0.070495902,0.085331745,0.087524014,0.107667356,0.091855881,0.151010409,0.103380855,0.109393295,0.090690174,0.084874794,0.107294731,0.106158894
152,"CHL","Chile",0.024996964,0.021921817,0.023549614,0.021978312,0.02122943,0.0231286,0.021310819,0.025380489,0.025178402,0.024519514,0.02715286,0.02289354,0.02639358,0.024846545,0.023990024,0.023939373,0.024556239
156,"CHN","China",0.024190316,0.023529211,0.023842854,0.025133893,0.024555324,0.023820342,0.0235721,0.023295503,0.024878258,0.024332179,0.024772547,0.025299173,0.024778849,0.024716981,0.025139657,0.024035824,0.025007946
170,"COL","Colombia",0.054985661,0.049197349,0.052009361,0.053153777,0.051145533,0.044737318,0.048755919,0.053074423,0.04960317,0.054352846,0.054329112,0.057883585,0.070079491,0.071534184,0.05854137,0.058077767,0.057486588
174,"COM","Comoros",0.001539184,0.001546686,0.001702614,0.001725588,0.001710651,0.001485299,0.001582528,0.00178844,0.001647083,0.001631161,0.001707295,0.001710113,0.001836494,0.001567727,0.001354335,0.001465618,0.001406081
184,"COK","Cook Islands",0.000537541,0.000562982,0.000558308,0.000532254,0.000550571,0.000526664,0.000516347,0.00054582,0.000531119,0.000537011,0.000534125,0.00053178,0.000534086,0.000550332,0.000508225,0.000515147,0.000517686
188,"CRI","Costa Rica",0.029968125,0.029133993,0.030794842,0.033191673,0.031813051,0.028622633,0.028766423,0.030757609,0.032411862,0.035407642,0.036036561,0.034611767,0.034471398,0.038395606,0.035923641,0.034818046,0.032621466
384,"CIV","Cote d'Ivoire",0.034705931,0.035537135,0.036650898,0.034815059,0.033703022,0.036138883,0.03284139,0.039537249,0.040439607,0.0400376,0.042185228,0.042499744,0.050265483,0.063079907,0.061566641,0.049630322,0.048987368
191,"HRV","Croatia",0.018254611,0.014188004,0.013412749,0.012252635,0.013211259,0.016620199,0.016728969,0.013013135,0.018955466,0.020306482,0.015209573,0.011654425,0.016755051,0.015366339,0.020037967,0.017106396,0.017381493
192,"CUB","Cuba",0.01094745,0.009989794,0.011112481,0.010842096,0.011151322,0.009544571,0.011014284,0.01147972,0.01247736,0.011636933,0.011808598,0.012475023,0.01270346,0.014515176,0.01389452,0.012219302,0.012470198
531,"CUW","Curacao",0.004013334,0.004181038,0.005560602,0.0041981,0.00435925,0.00395182,0.003711853,0.005953292,0.005383371,0.004797906,0.004538022,0.003713182,0.004246957,0.00682398,0.005306168,0.003735311,0.004332816
196,"CYP","Cyprus",0.015788127,0.013697372,0.010476832,0.014075692,0.014132344,0.014095877,0.015548057,0.019250185,0.017875382,0.023110988,0.016664806,0.013203787,0.017060857,0.028880084,0.015222404,0.011078533,0.013299493
203,"CZE","Czech Republic",0.009199224,0.006657029,0.007328158,0.006087155,0.006051824,0.007489106,0.007795653,0.006902458,0.007337798,0.007658095,0.006900328,0.006878439,0.007787671,0.007560044,0.006897491,0.006695294,0.006959938
180,"COD","Dem. Rep. Congo",0.176092324,0.176740877,0.201950704,0.178295706,0.193449821,0.21200623,0.193085107,0.231635216,0.240685143,0.239690507,0.251010317,0.271712052,0.265878067,0.119829563,0.107046641,0.210776536,0.21010246
208,"DNK","Denmark",0.002951166,0.002403279,0.002474,0.002640756,0.002261282,0.002325683,0.002379662,0.002340071,0.002126269,0.00200722,0.002123242,0.002294217,0.001902066,0.002174989,0.001835099,0.001968987,0.001904873
262,"DJI","Djibouti",0.005078074,0.005650768,0.0052902,0.005729779,0.005150283,0.005935909,0.00601377,0.00604618,0.006248989,0.005743255,0.006247961,0.005754704,0.006421395,0.00564493,0.006036407,0.005930773,0.006187295
212,"DMA","Dominica",0.002311098,0.002138772,0.002873806,0.002566515,0.002400604,0.002101659,0.002094172,0.003284287,0.002492187,0.002346992,0.00223635,0.002118648,0.002434539,0.002801112,0.001735328,0.001747585,0.001817735
214,"DOM","Dominican Republic",0.020626268,0.018750146,0.022814667,0.022001086,0.021787479,0.018956325,0.019566798,0.023572913,0.022509259,0.023387217,0.021029757,0.021587463,0.021529254,0.027655482,0.027018473,0.021880953,0.022927241
218,"ECU","Ecuador",0.040590496,0.038678737,0.041172714,0.040500387,0.035877866,0.03020896,0.038380012,0.041636862,0.038302866,0.041835524,0.045429672,0.048038138,0.060172773,0.054096465,0.045459936,0.046791983,0.047551059
818,"EGY","Egypt",0.012456572,0.012793139,0.01302345,0.013446421,0.013635261,0.013858074,0.013679461,0.015070975,0.013406684,0.013996784,0.014175104,0.015017337,0.013913656,0.013953661,0.014654515,0.014305325,0.014576753
222,"SLV","El Salvador",0.064808166,0.073793911,0.066085214,0.066432258,0.06971729,0.057230521,0.077894147,0.073073436,0.077181941,0.087614566,0.081376144,0.089345221,0.096302138,0.107782584,0.091243627,0.089650164,0.093456332
226,"GNQ","Equatorial Guinea",0.038162522,0.034398817,0.036177962,0.036862183,0.034337724,0.036115737,0.035566504,0.038808773,0.037125198,0.035268137,0.038847549,0.03938507,0.042448372,0.041488842,0.038082164,0.041450547,0.042432274
232,"ERI","Eritrea",0.026041778,0.032900985,0.027042669,0.033328628,0.027212823,0.028383207,0.031351222,0.031539404,0.02938557,0.031874353,0.03614803,0.034556878,0.033489298,0.026809129,0.029966706,0.032539143,0.032482547
233,"EST","Estonia",0.003827191,0.003012427,0.003157542,0.003796841,0.002873138,0.003109633,0.003727686,0.004971624,0.004095673,0.002991014,0.004211501,0.003913164,0.002993921,0.003554981,0.002647007,0.003188574,0.002975677
748,"SWZ","Eswatini",0.042181301,0.033547023,0.036350104,0.037183336,0.034974646,0.030441107,0.029349309,0.038024785,0.040778213,0.038264008,0.036915848,0.037062033,0.042665201,0.041937151,0.039271123,0.041480001,0.040513258
231,"ETH","Ethiopia",0.038581494,0.039098034,0.037321891,0.040660047,0.038496511,0.040180199,0.040581092,0.045060149,0.044934738,0.045902468,0.048691629,0.049779595,0.051776464,0.053199507,0.055993845,0.051300527,0.051077827
234,"FRO","Faeroe Islands",0.001113798,0.000938767,0.000923499,0.000962634,0.000845805,0.000909165,0.000862197,0.000865839,0.000818094,0.000833161,0.000852217,0.000910091,0.000813082,0.000847808,0.000792375,0.000825683,0.000801951
238,"FLK","Falkland Islands",0.000750224,0.000994346,0.000823249,0.000767034,0.000779336,0.000896035,0.000634939,0.000758421,0.000974868,0.000792021,0.000689774,0.000652493,0.000716848,0.000694259,0.000633851,0.00070653,0.000665356
242,"FJI","Fiji",0.008325136,0.008182058,0.009203297,0.008378753,0.009191184,0.009339703,0.007502384,0.010323729,0.0104632,0.008686732,0.010603458,0.010625644,0.009188617,0.012580337,0.008472861,0.009109961,0.008584843
246,"FIN","Finland",0.003417405,0.002476802,0.002577284,0.002853019,0.002383769,0.002533424,0.002976909,0.003381337,0.003202076,0.002291229,0.002976931,0.003004774,0.002290485,0.002606251,0.001947139,0.002459357,0.00227154
250,"FRA","France",0.007523316,0.007239907,0.006635966,0.006859304,0.005625863,0.006139494,0.007490596,0.006354914,0.00688369,0.006639979,0.006061197,0.005781072,0.006808642,0.006163585,0.006337953,0.006145503,0.006088436
258,"PYF","French Polynesia",0.000659761,0.000659846,0.000675474,0.000645373,0.000659559,0.00061356,0.000626371,0.000627345,0.00060003,0.000642141,0.000615966,0.000626521,0.000654301,0.000668776,0.000594567,0.000616252,0.000622253
266,"GAB","Gabon",0.050142074,0.047173402,0.049510043,0.050990823,0.049913701,0.052703042,0.051044596,0.059426284,0.056258033,0.05287767,0.057518462,0.056319326,0.06328665,0.06218553,0.061605717,0.062147119,0.065111312
270,"GMB","Gambia",0.018346939,0.022576754,0.021026544,0.018929156,0.018380437,0.020562114,0.020792478,0.027345777,0.023696977,0.021637251,0.024315945,0.020256966,0.019812381,0.021970575,0.023172628,0.02215084,0.020742023
268,"GEO","Georgia",0.013977024,0.016178424,0.014109032,0.021759225,0.019225321,0.013684584,0.011552333,0.02384872,0.016001035,0.018753838,0.013767848,0.019196712,0.020173048,0.017926235,0.021839761,0.017229966,0.01629412
276,"DEU","Germany",0.00728765,0.005740108,0.006284151,0.005144385,0.004635682,0.005779364,0.006473035,0.005932953,0.00570379,0.005486444,0.005298123,0.005384502,0.005736259,0.005496381,0.00518496,0.005362096,0.005416934
288,"GHA","Ghana",0.030085119,0.031035499,0.030077645,0.028526708,0.028779218,0.031056016,0.025892031,0.030876626,0.032108862,0.031254832,0.033554978,0.032993043,0.04046531,0.057055519,0.051351493,0.041363551,0.038521533
300,"GRC","Greece",0.010973303,0.009113531,0.009746428,0.009596041,0.010985559,0.009434769,0.008777731,0.011677896,0.011195455,0.01361054,0.010226002,0.009240226,0.010456485,0.010600531,0.011528546,0.010075003,0.010602595
304,"GRL","Greenland",0.001138674,0.00091919,0.000891298,0.000885451,0.000856157,0.00095252,0.000813591,0.000913239,0.000811741,0.000975644,0.000841408,0.000924666,0.000838383,0.00080212,0.000750071,0.000827447,0.000778978
308,"GRD","Grenada",0.001144821,0.001162801,0.001362312,0.001196743,0.001174113,0.001171741,0.001095581,0.001397675,0.001239561,0.001225773,0.001173358,0.001085472,0.00115257,0.001286464,0.001083972,0.001003631,0.00115651
320,"GTM","Guatemala",0.073539564,0.070244349,0.07509878,0.069829018,0.074360175,0.060635673,0.075795644,0.078797148,0.087952538,0.085346798,0.084136282,0.080089409,0.086814165,0.113326463,0.100492596,0.088957448,0.090956591
831,"GGY","Guernsey",0.002464004,0.001987296,0.002068467,0.002159586,0.001916471,0.001813955,0.001824011,0.001941274,0.001918309,0.001707258,0.001686489,0.001993121,0.001681267,0.001758556,0.001475286,0.001787748,0.001561797
324,"GIN","Guinea",0.059073935,0.063401114,0.059536079,0.063281626,0.063199987,0.056655646,0.060357769,0.068611012,0.071067,0.066039687,0.074516043,0.075088587,0.074700352,0.08465909,0.087251606,0.075247076,0.07584419
624,"GNB","Guinea-Bissau",0.036623192,0.039255599,0.0356495,0.03409291,0.037259722,0.037386051,0.042264011,0.049495738,0.047136928,0.043688552,0.048063088,0.041436775,0.042518459,0.047240958,0.047586849,0.050001888,0.048217647
328,"GUY","Guyana",0.024152382,0.023923677,0.027626023,0.026192119,0.026892449,0.028420598,0.02653707,0.035714472,0.032482742,0.031631651,0.031536201,0.02899429,0.031226461,0.037480581,0.037205027,0.032244217,0.034508334
332,"HTI","Haiti",0.018068782,0.016374231,0.017610685,0.018407654,0.018237163,0.015776543,0.018816272,0.019048578,0.020010483,0.021849436,0.020443162,0.018981589,0.021920214,0.023591962,0.020730932,0.018452029,0.020104767
336,"VAT","Holy See",0.002883886,0.001444451,0.001664098,0.001758125,0.001825562,0.001848682,0.001408177,0.002343941,0.002356524,0.002344954,0.002667193,0.003737051,0.00187505,0.001419648,0.002125056,0.001947389,0.002245962
340,"HND","Honduras",0.077092672,0.074832,0.080920837,0.077104846,0.08207571,0.072706166,0.08476071,0.082007612,0.093615221,0.092872292,0.097708536,0.095978233,0.100611775,0.124271523,0.109961092,0.101057652,0.098592373
344,"HKG","Hong Kong",0.019197384,0.022457004,0.016256719,0.019442605,0.019452469,0.018418362,0.020371041,0.017358419,0.019523619,0.017611585,0.017724328,0.018651888,0.01891825,0.01789478,0.017307807,0.017648654,0.017614633
348,"HUN","Hungary",0.012374537,0.008138462,0.00861572,0.007331648,0.008039112,0.009401242,0.009857503,0.007751757,0.009764256,0.010914986,0.009098472,0.007938568,0.009511176,0.009507618,0.010192901,0.00924691,0.009085174
352,"ISL","Iceland",0.001464512,0.001164476,0.001062939,0.00112036,0.001106719,0.001186383,0.0011172,0.001183824,0.001039763,0.001202196,0.000968096,0.001099605,0.000967393,0.001099782,0.000896157,0.000943367,0.000950641
356,"IND","India",0.033200529,0.034062907,0.032749304,0.034992661,0.035914887,0.034303934,0.034027266,0.039054995,0.038492667,0.038874465,0.035801302,0.042531097,0.042637851,0.038664454,0.038249027,0.039731588,0.037503967
360,"IDN","Indonesia",0.051513564,0.054475056,0.055855441,0.054690343,0.05144802,0.050017478,0.057266265,0.06044672,0.059190613,0.063073927,0.064379483,0.066311927,0.070395343,0.062769813,0.050974801,0.053397129,0.053221055
364,"IRN","Iran",0.023732991,0.027733021,0.026960796,0.03017423,0.031392394,0.029490197,0.027068327,0.035687698,0.031807605,0.031468619,0.029959195,0.03202572,0.031810848,0.029202595,0.033316598,0.031690775,0.033196475
368,"IRQ","Iraq",0.026794059,0.031090544,0.028601098,0.034949552,0.038095766,0.032363789,0.025921991,0.04312345,0.033231031,0.03475196,0.032137315,0.03596232,0.034582159,0.02919522,0.030958906,0.030268196,0.031768346
372,"IRL","Ireland",0.00212997,0.001850494,0.00188177,0.002008234,0.001913064,0.001715981,0.001797782,0.001919446,0.001679758,0.001605247,0.001915372,0.001928116,0.001592323,0.001691542,0.001495383,0.001740667,0.001613433
833,"IMN","Isle of Man",0.002473132,0.002041364,0.001999591,0.002283366,0.001937396,0.001816887,0.002045988,0.002026379,0.001811208,0.001709703,0.002098186,0.002191369,0.001586931,0.00184554,0.001378868,0.001754311,0.00156664
376,"ISR","Israel",0.012183328,0.011618358,0.011417736,0.012061852,0.011913121,0.012396556,0.013782984,0.017264114,0.013257762,0.015758724,0.014525385,0.014662367,0.015648963,0.014642895,0.012099009,0.013036979,0.013260016
380,"ITA","Italy",0.013001964,0.011918582,0.011936632,0.011881346,0.010922578,0.011869593,0.011337462,0.010633984,0.012795503,0.013805407,0.010750628,0.009254247,0.012435558,0.011364901,0.013599543,0.011424507,0.011559328
388,"JAM","Jamaica",0.010659075,0.011607015,0.013024838,0.011079942,0.011118023,0.009981587,0.011086606,0.013519196,0.014013002,0.012200607,0.012707379,0.013149359,0.013356879,0.020707336,0.013685816,0.010795943,0.011434024
392,"JPN","Japan",0.011119645,0.01284117,0.013268004,0.011933395,0.011525424,0.01169638,0.010596761,0.014301467,0.012980805,0.013006725,0.013674508,0.011974944,0.01213739,0.011963078,0.011104665,0.01131571,0.011739253
832,"JEY","Jersey",0.003214711,0.002552145,0.002707455,0.002945143,0.002397854,0.002339488,0.002539147,0.002751059,0.002607755,0.00225998,0.002292814,0.002722162,0.002306638,0.002365545,0.001974552,0.002362815,0.002086
400,"JOR","Jordan",0.015816002,0.014889531,0.013685191,0.015246821,0.014468746,0.015544548,0.017286136,0.019163383,0.016181925,0.01820194,0.015849006,0.016152546,0.017685897,0.01908221,0.018364204,0.016619221,0.016665763
398,"KAZ","Kazakhstan",0.008079114,0.007340552,0.008320455,0.006235905,0.009687587,0.008447108,0.006276968,0.008282261,0.007509056,0.008214834,0.007062,0.007233079,0.007882565,0.006484951,0.006721952,0.00717101,0.007329434
404,"KEN","Kenya",0.030499998,0.028559891,0.029356772,0.025667711,0.030036125,0.030808392,0.028434374,0.038416101,0.036973515,0.037399523,0.039761688,0.044914039,0.046298318,0.049232447,0.049362944,0.044988829,0.043092499
296,"KIR","Kiribati",0.000516387,0.000535674,0.00053683,0.000529667,0.000543303,0.000485131,0.000499888,0.000544878,0.000480466,0.000523586,0.000526077,0.00050945,0.000552596,0.000578869,0.000516726,0.000490807,0.000537801
689,"XKX","Kosovo",0.020360678,0.015847666,0.01945596,0.015374516,0.015846786,0.016968893,0.016663324,0.017941249,0.021789642,0.023774205,0.016170689,0.013529385,0.018264364,0.015001922,0.019966989,0.018528946,0.018191504
414,"KWT","Kuwait",0.04850035,0.053000295,0.052882281,0.052253967,0.051208598,0.050241693,0.051918705,0.058145512,0.04819579,0.052431209,0.050642739,0.051587192,0.050541345,0.04915631,0.058386058,0.054854799,0.055860171
417,"KGZ","Kyrgyzstan",0.009972823,0.009098369,0.009968388,0.00890394,0.012366606,0.012192166,0.008281464,0.009752742,0.010482439,0.009992021,0.010151432,0.010146944,0.011140152,0.010151297,0.011601798,0.010309531,0.010392778
418,"LAO","Laos",0.110635884,0.124873643,0.11028862,0.101303292,0.10341099,0.080162655,0.108732951,0.140895496,0.100555537,0.119188622,0.117676047,0.122261313,0.128125476,0.162642574,0.108800311,0.115718316,0.121814587
428,"LVA","Latvia",0.004357285,0.003596486,0.003785366,0.005003486,0.003344614,0.003715095,0.004500136,0.006034019,0.004870611,0.00370157,0.00530819,0.004473736,0.003814194,0.004476842,0.002985922,0.003630539,0.003410507
422,"LBN","Lebanon",0.011501913,0.012151072,0.010193543,0.012191041,0.011838488,0.012668655,0.013443247,0.016970803,0.013036215,0.015778128,0.013158329,0.012238304,0.014433893,0.013094632,0.011201376,0.010311555,0.010948006
426,"LSO","Lesotho",0.042464278,0.041085774,0.037738282,0.025849492,0.025824705,0.034256436,0.025722058,0.036225881,0.031925014,0.032851808,0.02733065,0.033460159,0.035783918,0.035334711,0.029421264,0.0306827,0.030094402
430,"LBR","Liberia",0.032852176,0.034141197,0.037908964,0.033012348,0.033314948,0.034681477,0.037983841,0.038616019,0.039656082,0.038242061,0.038309327,0.037351626,0.045823372,0.049281923,0.055101949,0.045321557,0.044572349
434,"LBY","Libya",0.008678281,0.008053275,0.008158887,0.008897187,0.00825658,0.008366716,0.008007061,0.008482181,0.008439519,0.008730971,0.007789697,0.008891009,0.008138381,0.00809777,0.00822151,0.008319776,0.008370737
438,"LIE","Liechtenstein",0.008510273,0.007289721,0.007807757,0.007179013,0.007067449,0.008528266,0.008560077,0.006855561,0.008342131,0.007763257,0.007423155,0.00678434,0.008392305,0.007500846,0.007423166,0.007535507,0.007557622
440,"LTU","Lithuania",0.003568048,0.002970691,0.003222591,0.003538342,0.002734027,0.002974543,0.003469662,0.003947834,0.003365229,0.003121069,0.003580187,0.003257807,0.003287084,0.003287607,0.002695357,0.003217501,0.003057631
442,"LUX","Luxembourg",0.007437921,0.006020385,0.00643036,0.005299268,0.004586055,0.005493509,0.006348785,0.006351548,0.005861915,0.005856388,0.005787042,0.005595095,0.005933461,0.005412024,0.005941216,0.005851543,0.005827688
446,"MAC","Macao",0.019541892,0.02217516,0.015932939,0.018543251,0.019104166,0.01823423,0.019748976,0.016759145,0.019036072,0.017194332,0.017143243,0.017829316,0.018041771,0.017253815,0.017601496,0.01746062,0.017576029
450,"MDG","Madagascar",0.035348709,0.031457377,0.03482201,0.039314778,0.036612562,0.035967715,0.040315254,0.04532734,0.047794628,0.041268382,0.043010796,0.042338944,0.041929871,0.043945841,0.042603245,0.041082327,0.042262129
454,"MWI","Malawi",0.03490163,0.029915325,0.03643131,0.035533964,0.038206135,0.040055779,0.037300501,0.048267068,0.049087802,0.051495587,0.048064033,0.04265308,0.04653349,0.048030336,0.035886866,0.044580904,0.044194717
458,"MYS","Malaysia",0.112554461,0.115449612,0.114800967,0.099607158,0.089523269,0.080752758,0.097827026,0.114075482,0.10674282,0.108542043,0.110158519,0.110888831,0.142725656,0.124946992,0.102040955,0.108463192,0.105288383
462,"MDV","Maldives",0.001121735,0.001134699,0.001055808,0.001100947,0.001103962,0.001018659,0.00103212,0.001055947,0.001087463,0.001037873,0.001096866,0.001141865,0.001089816,0.001138848,0.00105852,0.001050888,0.001088069
466,"MLI","Mali",0.055146773,0.062332309,0.062493157,0.058816639,0.041732739,0.037619312,0.045689109,0.053174486,0.053760761,0.049107888,0.061148767,0.061999242,0.057748432,0.061273136,0.066023295,0.062057234,0.056606175
470,"MLT","Malta",0.002213823,0.002029827,0.001999239,0.002145047,0.00218806,0.002042138,0.002049417,0.002012088,0.002103794,0.002220028,0.001922801,0.001892964,0.001977949,0.001863006,0.001646069,0.001739199,0.001696345
584,"MHL","Marshall Islands",0.000609144,0.000602801,0.000635654,0.00061325,0.000618308,0.00057506,0.000583911,0.000626124,0.000542914,0.000578854,0.000607261,0.000595453,0.000634631,0.000646897,0.000575389,0.000564026,0.000604723
478,"MRT","Mauritania",0.019446796,0.022875477,0.020559171,0.020191084,0.018562949,0.01694265,0.018914807,0.021451729,0.022748311,0.021434985,0.024688965,0.021329079,0.022208874,0.020471935,0.021788098,0.021301212,0.020795749
480,"MUS","Mauritius",0.000822635,0.00085481,0.000833879,0.000808871,0.000855056,0.000835859,0.000898132,0.000908453,0.00093814,0.0008455,0.000896898,0.000887597,0.000939381,0.000902914,0.000746896,0.000767722,0.000769655
484,"MEX","Mexico",0.052430807,0.049027451,0.052109813,0.048440016,0.049020915,0.04553052,0.04966187,0.056118685,0.063556742,0.059344223,0.056764551,0.054442364,0.056735797,0.06750088,0.067061827,0.057065802,0.05816002
583,"FSM","Micronesia",0.000786821,0.000826198,0.000798773,0.000852772,0.000758441,0.000690092,0.00081278,0.000767956,0.000716259,0.000783721,0.000793909,0.00082469,0.000886811,0.000811041,0.00067537,0.000735267,0.00077084
498,"MDA","Moldova",0.00421497,0.003894426,0.004794517,0.003778887,0.003872419,0.004414148,0.004322682,0.004805499,0.004638853,0.005063269,0.004129076,0.004608212,0.004923963,0.004552324,0.00439187,0.004538722,0.004682073
492,"MCO","Monaco",0.003354076,0.001688649,0.001985531,0.001745026,0.002180895,0.001959965,0.001563628,0.002592076,0.002432814,0.002492744,0.002853891,0.003493974,0.002285952,0.001467215,0.002098137,0.00213082,0.002355227
496,"MNG","Mongolia",0.006605924,0.004678151,0.005266393,0.008912555,0.008245208,0.007410542,0.007233895,0.007369345,0.006467439,0.006297913,0.005590627,0.006012298,0.006479567,0.005578922,0.006862173,0.005701645,0.006395749
499,"MNE","Montenegro",0.013724941,0.011247408,0.013380643,0.010771759,0.010969693,0.012658464,0.011530902,0.012412402,0.015129757,0.017355026,0.011527746,0.008880574,0.014055443,0.010241055,0.01411699,0.012388924,0.012819605
504,"MAR","Morocco",0.017666598,0.018758094,0.014502067,0.018069382,0.013962474,0.012949173,0.016448478,0.016818992,0.019779078,0.02022357,0.018149161,0.016913934,0.019443997,0.018067896,0.019394449,0.017669178,0.017271928
508,"MOZ","Mozambique",0.033247779,0.027213222,0.031916632,0.031459036,0.031624941,0.033657047,0.032735955,0.043299002,0.042762039,0.042217493,0.041337846,0.037342939,0.041850462,0.044133444,0.036859413,0.042161383,0.04201074
104,"MMR","Myanmar",0.082260613,0.086257118,0.086182621,0.082193785,0.086689782,0.07137042,0.087588415,0.107964505,0.089998517,0.09332379,0.0967225,0.102407497,0.096633566,0.12438509,0.1147244,0.103640117,0.103039676
516,"NAM","Namibia",0.047607696,0.05457883,0.053736095,0.035551705,0.049737561,0.051146834,0.057275879,0.06505657,0.064295933,0.073360462,0.061888469,0.058691088,0.064219266,0.055344085,0.043421457,0.057092405,0.052210689
520,"NRU","Nauru",0.00050243,0.000526919,0.00052553,0.000539033,0.000517472,0.00046186,0.000495656,0.000531482,0.000458021,0.00049282,0.000505177,0.000508493,0.000562607,0.000565599,0.000500369,0.000493367,0.000552084
524,"NPL","Nepal",0.058941623,0.059066006,0.058290595,0.063045747,0.066861443,0.060507057,0.055688027,0.068684807,0.063551937,0.070590504,0.063122261,0.069452153,0.07327787,0.06305861,0.062346276,0.065038993,0.062924585
528,"NLD","Netherlands",0.005943235,0.004870764,0.005029041,0.004418913,0.004016315,0.004141689,0.004512819,0.004207023,0.004075393,0.003757844,0.003692654,0.00403423,0.003484338,0.003584934,0.003456703,0.003357656,0.003279215
540,"NCL","New Caledonia",0.011410935,0.009981754,0.010433325,0.008524032,0.011064413,0.011860858,0.010796871,0.013451231,0.012885352,0.012416987,0.012140384,0.011360936,0.012448095,0.020017246,0.011099049,0.010752172,0.00833598
554,"NZL","New Zealand",0.008279281,0.006313004,0.008557837,0.00660578,0.007228293,0.0072366,0.007638518,0.01012802,0.008599448,0.007405614,0.011369388,0.007914306,0.010692268,0.010298184,0.006285181,0.007462237,0.00696829
558,"NIC","Nicaragua",0.038165498,0.035345197,0.041869253,0.04033759,0.040072195,0.036287959,0.040966791,0.045632092,0.046445873,0.04628865,0.048958547,0.046556807,0.047631024,0.059272533,0.055512294,0.047223355,0.048017731
562,"NER","Niger",0.030547815,0.036984639,0.034264998,0.026642415,0.02710244,0.020969569,0.022978493,0.026753556,0.027862761,0.02636726,0.03422017,0.032023512,0.030256137,0.035518083,0.030945286,0.03142526,0.029856252
566,"NGA","Nigeria",0.037764268,0.041225055,0.035948425,0.037080789,0.032466474,0.031698248,0.028752149,0.032883209,0.035045578,0.033647326,0.03807136,0.037946298,0.039468219,0.049413113,0.045177831,0.041594142,0.04283601
570,"NIU","Niue",0.000548739,0.000568557,0.000564899,0.000541046,0.000555969,0.000529684,0.000519408,0.000544152,0.000533626,0.000542052,0.000546254,0.000537571,0.000551976,0.000563243,0.000521523,0.000521298,0.000533339
408,"PRK","North Korea",0.016297004,0.013850126,0.014653079,0.018229261,0.013109432,0.016030032,0.015625753,0.017750059,0.014354624,0.016058215,0.01630359,0.021449825,0.021086297,0.017304576,0.016312755,0.016478102,0.016665705
807,"MKD","North Macedonia",0.015750534,0.012820047,0.018027099,0.012592892,0.01322549,0.013692756,0.013273856,0.015489065,0.018022947,0.020377174,0.013655667,0.011083762,0.014683929,0.013466797,0.017651981,0.015477974,0.014958306
578,"NOR","Norway",0.007731753,0.007419754,0.006200248,0.006986896,0.00618437,0.006558517,0.006538153,0.005982165,0.005782554,0.005251087,0.005523459,0.005484432,0.004836221,0.005476172,0.005487082,0.005643239,0.005857001
512,"OMN","Oman",0.014128668,0.014925424,0.015085522,0.015522414,0.01540528,0.01619606,0.015905123,0.016758086,0.015663661,0.016319837,0.015090868,0.015089056,0.015836149,0.015849418,0.017300091,0.017978684,0.016023294
586,"PAK","Pakistan",0.031711173,0.03709632,0.032439172,0.029984011,0.03487597,0.035718881,0.03558621,0.038407117,0.038338193,0.03802903,0.041026434,0.043023896,0.049832274,0.038393972,0.03746221,0.039926619,0.038797306
585,"PLW","Palau",0.001398696,0.001528042,0.001394507,0.00147009,0.00144093,0.001313095,0.00159633,0.001518098,0.001451545,0.001462598,0.001512844,0.001558373,0.001750408,0.001283073,0.000984518,0.001192245,0.001264804
591,"PAN","Panama",0.015660753,0.016249136,0.01687339,0.017450566,0.016549766,0.015685604,0.017509538,0.017615574,0.019832024,0.02088458,0.02141352,0.020890947,0.021739886,0.022819275,0.022617605,0.02149862,0.019914505
598,"PNG","Papua New Guinea",0.104941608,0.105496653,0.100729304,0.097580825,0.103654015,0.102901114,0.104411827,0.130250978,0.12112053,0.115392891,0.116843649,0.110245129,0.117441821,0.122072887,0.117373062,0.116214009,0.113313627
600,"PRY","Paraguay",0.15208005,0.171496109,0.11985821,0.145138446,0.13747843,0.100225313,0.122087255,0.08187422,0.115854789,0.127596818,0.119062408,0.106728594,0.107924238,0.064544229,0.079355772,0.117586178,0.10630046
604,"PER","Peru",0.065257459,0.055860777,0.059964655,0.050597672,0.042218597,0.038454226,0.04573749,0.05858543,0.049495794,0.05478465,0.056348405,0.048597328,0.055055824,0.058098362,0.046115795,0.053748208,0.054208488
608,"PHL","Philippines",0.034585647,0.03723971,0.037578168,0.036970696,0.032331993,0.03146977,0.033025144,0.043941082,0.034920826,0.039085485,0.040026061,0.038516818,0.043340278,0.043958528,0.03600502,0.0362262,0.036104535
616,"POL","Poland",0.006188374,0.004454623,0.004817468,0.004576684,0.00390653,0.004966753,0.005156419,0.004669989,0.004610072,0.005082737,0.004768833,0.004538746,0.00487005,0.00490793,0.004221664,0.004451255,0.004326345
620,"PRT","Portugal",0.012036628,0.010417149,0.010990673,0.010596482,0.007687928,0.007230286,0.009005496,0.011753744,0.011253085,0.009283384,0.010184634,0.008423521,0.010260001,0.010348795,0.012097317,0.009998845,0.008974195
634,"QAT","Qatar",0.030543275,0.031337615,0.03238563,0.034672887,0.033154972,0.033457741,0.031322026,0.040190699,0.031549341,0.034987606,0.033114195,0.034565919,0.035165588,0.036522682,0.039285582,0.038090433,0.03664579
178,"COG","Republic of Congo",0.070665,0.075650787,0.084888759,0.09004292,0.086077612,0.095737529,0.104690718,0.122405296,0.132656476,0.128558544,0.150061054,0.160416432,0.158960446,0.112042699,0.099158808,0.179549041,0.190786608
642,"ROU","Romania",0.010375792,0.008074654,0.008572664,0.007771114,0.007629673,0.008919266,0.008951391,0.00834666,0.010492557,0.012805327,0.00879594,0.008072596,0.010486154,0.009099894,0.009468287,0.00925472,0.009299211
643,"RUS","Russia",0.006501922,0.006029048,0.006176458,0.005679234,0.006747853,0.005244509,0.00522423,0.009884621,0.006154136,0.007106547,0.005916787,0.006397615,0.006257809,0.005913151,0.005006829,0.005944519,0.006130546
646,"RWA","Rwanda",0.034255237,0.032778566,0.03832132,0.03406446,0.035742512,0.042606303,0.038480134,0.050937688,0.050705402,0.050732493,0.054317695,0.059292885,0.066279079,0.039135245,0.040147179,0.049335761,0.051881713
652,"BLM","Saint Barthelemy",0.001123829,0.000979564,0.001122995,0.001199192,0.001031523,0.000948946,0.000993325,0.001162913,0.00098746,0.001005626,0.000967266,0.000951073,0.001015165,0.001059708,0.00091229,0.000913651,0.00092429
659,"KNA","Saint Kitts and Nevis",0.001626334,0.00120766,0.001489647,0.001824844,0.001364937,0.001154079,0.00131216,0.001678301,0.001285116,0.001279086,0.0012193,0.00120851,0.001338072,0.00139697,0.001077533,0.001146647,0.001163242
662,"LCA","Saint Lucia",0.00171205,0.001668111,0.002158311,0.00183759,0.001760358,0.001647493,0.001624067,0.002265645,0.001886543,0.001786152,0.001747938,0.001595898,0.00178559,0.002144217,0.001395948,0.001340203,0.001414409
670,"VCT","Saint Vincent and the Grenadines",0.001299199,0.0012972,0.001545693,0.001375694,0.001331585,0.001295854,0.001256462,0.001574968,0.00139681,0.001365459,0.001332324,0.001232568,0.001325367,0.00152738,0.001161121,0.001115764,0.001192387
882,"WSM","Samoa",0.000643444,0.000661497,0.000665248,0.000634525,0.000645755,0.000599782,0.000612033,0.000643316,0.000611572,0.000631814,0.00065316,0.000656323,0.000661299,0.000695279,0.000557811,0.0005585,0.000582735
674,"SMR","San Marino",0.009699344,0.01029893,0.009893247,0.009572839,0.008743257,0.010282933,0.009843331,0.008617783,0.010884958,0.01092418,0.009523792,0.007925356,0.010576861,0.00979611,0.012843993,0.01086268,0.011122683
678,"STP","Sao Tome and Principe",0.001418244,0.001450876,0.0015365,0.001444833,0.001438435,0.001439843,0.001401042,0.00152594,0.001477124,0.001334672,0.001524271,0.001426269,0.001581635,0.001457836,0.001232875,0.001287989,0.001350254
682,"SAU","Saudi Arabia",0.011105229,0.011623519,0.012037707,0.011263581,0.011582034,0.012143234,0.012495268,0.013101643,0.012222967,0.012321289,0.01234824,0.012341764,0.01242388,0.012699696,0.013146449,0.012755964,0.012323534
686,"SEN","Senegal",0.016737387,0.020113019,0.018808465,0.016925571,0.016864404,0.018256094,0.01871604,0.023629228,0.022122897,0.020109735,0.023102138,0.018584619,0.01845131,0.020551428,0.022694256,0.020354101,0.019857928
688,"SRB","Serbia",0.018197307,0.013482514,0.014008839,0.01310481,0.013153441,0.01468739,0.014651531,0.013104588,0.016955208,0.018624056,0.013322256,0.011204805,0.014824355,0.012771268,0.016036806,0.014329123,0.014922617
690,"SYC","Seychelles",0.00075149,0.000760971,0.00076381,0.000771567,0.000771714,0.000738948,0.000743113,0.000741087,0.000741445,0.00074867,0.000740471,0.000777699,0.000800622,0.000782569,0.000737037,0.000729191,0.000742485
694,"SLE","Sierra Leone",0.045513909,0.047329071,0.049947661,0.048151438,0.050527851,0.045347767,0.053895534,0.050018677,0.055777237,0.057607885,0.057197673,0.05953773,0.067611551,0.072612882,0.070886901,0.063559578,0.06033463
702,"SGP","Singapore",0.022951618,0.024127279,0.02628962,0.026562319,0.022693684,0.021422344,0.024291986,0.02719593,0.023819473,0.027799043,0.028453069,0.029299846,0.031790763,0.027308287,0.019249907,0.021355469,0.021371746
534,"SXM","Sint Maarten",0.001073603,0.000955206,0.001079651,0.001127812,0.000996495,0.000927583,0.000956346,0.001100123,0.0009546,0.000972381,0.000939059,0.000924344,0.000973764,0.001014909,0.000891443,0.00087997,0.000892844
703,"SVK","Slovakia",0.01365953,0.008558551,0.009107807,0.00789796,0.00832904,0.009836602,0.011216725,0.008477075,0.010298971,0.012014907,0.00947825,0.008625218,0.010727712,0.010700437,0.010364573,0.009801305,0.009910769
705,"SVN","Slovenia",0.016851343,0.013714252,0.012634463,0.01108102,0.012019924,0.016220074,0.015439688,0.012796837,0.016932027,0.017370097,0.014121834,0.011206747,0.015813957,0.015005303,0.018452532,0.016603608,0.016005116
90,"SLB","Solomon Islands",0.016012864,0.014422204,0.015175799,0.015221559,0.018685241,0.016900767,0.017761222,0.021775158,0.022976073,0.021221501,0.021251033,0.01869645,0.01728204,0.020589523,0.015829765,0.018029482,0.017288749
706,"SOM","Somalia",0.019312979,0.021493664,0.020687575,0.022785586,0.020952845,0.022049244,0.024819042,0.029468098,0.027095203,0.027391754,0.029796991,0.028323005,0.031951163,0.031741727,0.034263476,0.032331644,0.032487789
710,"ZAF","South Africa",0.041791729,0.034970163,0.03374737,0.03088338,0.031032994,0.031890087,0.027054138,0.035548236,0.036488759,0.035003865,0.032284413,0.033951409,0.041520325,0.039442449,0.034920884,0.03555365,0.037635245
410,"KOR","South Korea",0.033489772,0.032957981,0.030752201,0.034835873,0.029216586,0.03760606,0.035055995,0.036821345,0.031307887,0.030989178,0.033873992,0.037043315,0.040426291,0.035308474,0.032555086,0.033680427,0.036691586
728,"SSD","South Sudan",0.215343244,0.225434376,0.169716889,0.203985716,0.142554297,0.148275286,0.172333935,0.157605666,0.185620828,0.171913876,0.228330814,0.223743032,0.239768264,0.126828991,0.125096954,0.168636437,0.191353434
724,"ESP","Spain",0.012765831,0.013369644,0.010458701,0.0120005,0.008797012,0.009953414,0.011677186,0.011582944,0.01220097,0.012246529,0.010628711,0.010266262,0.012500642,0.011764831,0.011981474,0.011107179,0.010675905
144,"LKA","Sri Lanka",0.024689056,0.023123399,0.02489647,0.02578297,0.026815185,0.026264591,0.025326222,0.02757889,0.0279472,0.02954526,0.028679414,0.031513233,0.032894573,0.033588899,0.034682242,0.033593163,0.031310443
275,"PSE","State of Palestine",0.01355437,0.012840836,0.012764027,0.013320858,0.012943712,0.013514533,0.014997326,0.017956483,0.014505208,0.016741716,0.015632242,0.016137292,0.016853404,0.015593442,0.014235418,0.015228585,0.015382368
729,"SDN","Sudan",0.034385349,0.054641825,0.029264289,0.033704814,0.024824631,0.023276296,0.026765514,0.028115579,0.029209772,0.030570498,0.041081909,0.035424908,0.03644327,0.02547757,0.0232733,0.032163244,0.03176958
740,"SUR","Suriname",0.02395445,0.022868087,0.027251836,0.026796611,0.027448588,0.028259381,0.02730973,0.034310733,0.031640739,0.030172145,0.028355475,0.02661933,0.028955021,0.038098834,0.040745987,0.032207369,0.033172603
752,"SWE","Sweden",0.003016248,0.002553598,0.002500071,0.003069066,0.002322529,0.002872569,0.002876745,0.002612033,0.002571539,0.002209289,0.002542619,0.002719809,0.002169403,0.002422532,0.002060775,0.002314484,0.002268836
756,"CHE","Switzerland",0.010190808,0.009439189,0.009832533,0.009138673,0.008419728,0.010058932,0.01071052,0.008503059,0.01044046,0.009654967,0.008902216,0.008410843,0.010643582,0.009404589,0.009218976,0.008998993,0.00915312
760,"SYR","Syria",0.015496496,0.01628986,0.013155403,0.015860795,0.016855841,0.015520028,0.016529636,0.019601398,0.01577245,0.01790832,0.015403593,0.014013894,0.017060684,0.016316764,0.016493601,0.014812474,0.015410577
158,"TWN","Taiwan",0.017591395,0.017015488,0.016367477,0.016106344,0.017298525,0.015191222,0.017141585,0.020813678,0.021202234,0.018238167,0.017410002,0.018093911,0.018695112,0.017633229,0.016551656,0.017242681,0.016593332
762,"TJK","Tajikistan",0.017961908,0.01429469,0.017223218,0.01615484,0.019473735,0.019757997,0.016368742,0.018189985,0.018777027,0.01862484,0.019106043,0.018399235,0.018510808,0.017194964,0.018028811,0.017706367,0.018466699
834,"TZA","Tanzania",0.026913575,0.026696794,0.028260502,0.02379291,0.028933529,0.02874967,0.030714908,0.041071828,0.038941865,0.035520885,0.036013105,0.040308526,0.046390466,0.036071117,0.035314726,0.039722456,0.038503589
764,"THA","Thailand",0.051619174,0.060124425,0.05026561,0.049761097,0.047173051,0.042600819,0.053139057,0.063165113,0.051115343,0.056616589,0.057793058,0.059594743,0.061589225,0.069222389,0.055578661,0.058312857,0.05633008
626,"TLS","Timor-Leste",0.036308662,0.037550131,0.037893259,0.03709739,0.035442101,0.032742359,0.04120048,0.04791162,0.038576148,0.046183441,0.046617251,0.048751419,0.044995911,0.05985867,0.030789518,0.033484905,0.035591865
768,"TGO","Togo",0.029938145,0.029312565,0.027166367,0.028321829,0.025905199,0.027960689,0.024661284,0.028380476,0.027732343,0.027813638,0.028334597,0.029787071,0.034027998,0.050028945,0.046383601,0.035030729,0.033301252
776,"TON","Tonga",0.00053675,0.000559298,0.000550951,0.000535031,0.000548672,0.000523656,0.000509481,0.000530505,0.000523046,0.000531328,0.000534429,0.000526191,0.000532547,0.000546515,0.000508919,0.000506694,0.000522025
780,"TTO","Trinidad and Tobago",0.007720844,0.007752551,0.009494998,0.008330515,0.007982002,0.007866001,0.007583563,0.011525275,0.008948893,0.008702895,0.008887329,0.007880025,0.008625281,0.012406419,0.007694046,0.006618085,0.007374024
788,"TUN","Tunisia",0.011985926,0.009704635,0.011996898,0.011293929,0.011155706,0.011223817,0.011693751,0.010993084,0.011690211,0.014523901,0.009612405,0.011377475,0.012331139,0.010649531,0.010630541,0.010913867,0.010588525
792,"TUR","Turkey",0.01497841,0.014680919,0.01221637,0.013900261,0.015337263,0.012760402,0.012512576,0.016937596,0.013524125,0.015189258,0.01315622,0.013195285,0.013795582,0.013595223,0.014583815,0.013502617,0.013820335
795,"TKM","Turkmenistan",0.009851946,0.008411475,0.010035993,0.008175166,0.010168441,0.009402793,0.008267905,0.010626983,0.009345925,0.010087849,0.009050497,0.009293205,0.010363761,0.008166958,0.007968917,0.009282266,0.009651955
796,"TCA","Turks and Caicos Islands",0.001248425,0.001163943,0.001248301,0.001194323,0.001249387,0.0011338,0.001126511,0.001251733,0.001168857,0.001243821,0.001126178,0.001202903,0.001225851,0.001265478,0.001116169,0.001047593,0.001108625
798,"TUV","Tuvalu",-8888,-8888,-8888,-8888,-8888,-8888,-8888,-8888,-8888,-8888,-8888,-8888,-8888,-8888,-8888,-8888,-8888
800,"UGA","Uganda",0.070756849,0.06741389,0.062789839,0.058500454,0.063160354,0.066087496,0.061769248,0.067841267,0.075590884,0.070604989,0.080942637,0.085398907,0.097772079,0.058066961,0.060002073,0.07322767,0.078826971
804,"UKR","Ukraine",0.004290346,0.003941117,0.004478585,0.003872413,0.004652209,0.004016914,0.004701689,0.005262179,0.004515647,0.004819826,0.00440077,0.004637585,0.004916551,0.004531749,0.004209995,0.004324642,0.004507921
784,"ARE","United Arab Emirates",0.044118929,0.04596797,0.046539621,0.048944576,0.047929147,0.047405148,0.049399948,0.052302674,0.047228188,0.051619357,0.048007581,0.048624858,0.050480827,0.051906471,0.05588065,0.0534087,0.05102156
826,"GBR","United Kingdom",0.00494613,0.004454007,0.004248868,0.004354594,0.003910238,0.003538548,0.003961381,0.003796448,0.003349245,0.003198463,0.003392049,0.003633385,0.00290293,0.003218658,0.002934081,0.003111005,0.003038223
840,"USA","United States of America",0.015261468,0.015268945,0.016330611,0.018214279,0.017636286,0.01615254,0.013325471,0.017512153,0.017351835,0.018059733,0.014791855,0.016867788,0.019902483,0.020734721,0.018022721,0.017573088,0.017903246
858,"URY","Uruguay",0.028582488,0.016368236,0.012758563,0.018299196,0.024196657,0.01106609,0.012895846,0.015924532,0.012607572,0.020097127,0.017945399,0.01838616,0.017282723,0.010404174,0.010676983,0.013706451,0.016549107
860,"UZB","Uzbekistan",0.015817836,0.013927475,0.015628786,0.013099466,0.016934014,0.017100354,0.012607287,0.015484543,0.0149193,0.015629727,0.015049771,0.01484153,0.015784873,0.013554594,0.013708005,0.013773064,0.01426533
548,"VUT","Vanuatu",0.004302555,0.003770699,0.004442454,0.004222113,0.005105673,0.005148078,0.004316093,0.005430348,0.005401725,0.004961804,0.005286909,0.005093566,0.005282428,0.006630047,0.003248696,0.003528833,0.003088683
862,"VEN","Venezuela",0.048372599,0.044695559,0.05197172,0.050185284,0.049289322,0.047639193,0.046970168,0.065584655,0.056065953,0.057278914,0.055586076,0.050882621,0.058727613,0.079752424,0.073033275,0.054554144,0.057798467
704,"VNM","Viet Nam",0.042716311,0.046312,0.043836394,0.038830188,0.039842771,0.036797494,0.036806762,0.045801907,0.041617353,0.044622331,0.042162072,0.045068959,0.047434479,0.055053793,0.042605698,0.043398874,0.040948674
876,"WLF","Wallis and Futuna Islands",0.000550692,0.000568819,0.00056138,0.000548571,0.000548639,0.000536276,0.000531109,0.000546392,0.000541107,0.000544351,0.000557012,0.000560331,0.000575436,0.000572959,0.000533789,0.000535344,0.000558158
732,"ESH","Western Sahara",0.001057837,0.001004304,0.001042565,0.001008354,0.00098786,0.000973819,0.000965848,0.000989704,0.000954102,0.001001782,0.000973739,0.000950923,0.000954291,0.000997595,0.000956229,0.000949845,0.000930554
887,"YEM","Yemen",0.022920898,0.026294719,0.025104099,0.024092566,0.023865694,0.024287836,0.027270168,0.025634015,0.031422256,0.03178556,0.029461433,0.029451154,0.031277557,0.032607803,0.034991093,0.031989894,0.031076019
894,"ZMB","Zambia",0.038613118,0.034328529,0.042083353,0.042988377,0.043683111,0.04928451,0.043837015,0.054070167,0.054672018,0.061238074,0.056386192,0.054002238,0.066370866,0.046498512,0.034862284,0.051682319,0.051655791
716,"ZWE","Zimbabwe",0.04195424,0.033359644,0.040809916,0.038390894,0.035049809,0.039923956,0.035520349,0.051167671,0.048343732,0.048429792,0.04261152,0.038866126,0.054115229,0.046994915,0.033568264,0.041460619,0.040745662
